단지명,전용면적(㎡),계약년월,계약일,보증금(만원),월세(만원),층,위도,경도
남산트라팰리스,116.11,202201,10,"20,000",450,24,37.5539946799726,126.975612746457
남산트라팰리스,116.11,202201,21,"1,000",347,26,37.5539946799726,126.975612746457
남산트라팰리스,148.47,202201,28,0,675,31,37.5539946799726,126.975612746457
남산트라팰리스,126.78,202204,13,0,500,6,37.5539946799726,126.975612746457
남산트라팰리스,116.11,202208,10,0,493,22,37.5539946799726,126.975612746457
남산트라팰리스,148.47,202208,16,0,700,24,37.5539946799726,126.975612746457
남산트라팰리스,148.47,202208,16,0,700,24,37.5539946799726,126.975612746457
남산트라팰리스,116.11,202208,26,                        ,140,10,37.5539946799726,126.975612746457
남산트라팰리스,126.78,202209,12,"94,500",63,19,37.5539946799726,126.975612746457
남산트라팰리스,142.23,202209,23,"10,000",650,19,37.5539946799726,126.975612746457
남산트라팰리스,126.78,202211,18,    ,550,21,37.5539946799726,126.975612746457
남산트라팰리스,126.78,202211,18,"10,000",550,21,37.5539946799726,126.975612746457
남산트라팰리스,126.78,202211,18,"10,000",550,21,37.5539946799726,126.975612746457
경서,37.69,202202,10,"4,000",60,6,37.5567624150086,126.977690649242
경서,35.85,202203,10,"2,000",50,5,37.5567624150086,126.977690649242
경서,35.85,202208,18,"1,000",50,2,37.5567624150086,126.977690649242
경서,29.7,202209,1,0,50,6,37.5567624150086,126.977690649242
경서,35.85,202209,4,"1,000",50,2,37.5567624150086,126.977690649242
LIG서울역리가,84.9846,202201,15,"50,000",75,7,37.5562729792512,126.966882959987
LIG서울역리가,84.9866,202202,9,"60,000",80,4,37.5562729792512,126.966882959987
LIG서울역리가,84.9866,202203,2,"40,000",81,12,37.5562729792512,126.966882959987
LIG서울역리가,84.9866,202203,11,"30,000",160,8,37.5562729792512,126.966882959987
LIG서울역리가,84.9866,202205,9,"30,000",170,13,37.5562729792512,126.966882959987
LIG서울역리가,84.9866,202205,9,"30,000",170,13,37.5562729792512,126.966882959987
LIG서울역리가,84.9866,202205,9,"30,000",170,13,37.5562729792512,126.966882959987
LIG서울역리가,84.9866,202205,9,"30,000",170,13,37.5562729792512,126.966882959987
LIG서울역리가,84.9866,202205,11,"65,000",60,14,37.5562729792512,126.966882959987
LIG서울역리가,84.9866,202205,11,"65,000",60,14,37.5562729792512,126.966882959987
LIG서울역리가,84.9866,202205,13,"6,000",200,8,37.5562729792512,126.966882959987
LIG서울역리가,84.9866,202205,21,"56,500",35,3,37.5562729792512,126.966882959987
LIG서울역리가,84.9866,202207,18,"5,000",317,2,37.5562729792512,126.966882959987
LIG서울역리가,84.9866,202209,17,"7,000",300,4,37.5562729792512,126.966882959987
LIG서울역리가,84.9866,202211,19,"65,000",20,5,37.5562729792512,126.966882959987
대우디오빌,73.86,202201,24,"10,000",140,10,37.5550198699539,126.967199040035
대우디오빌,73.86,202203,11,"30,000",100,13,37.5550198699539,126.967199040035
대우디오빌,73.86,202208,21,"5,000",180,10,37.5550198699539,126.967199040035
서울역센트럴자이,84.9791,202201,4,"64,000",100,9,37.5547800420518,126.964458224138
서울역센트럴자이,84.972,202201,11,"50,000",170,18,37.5547800420518,126.964458224138
서울역센트럴자이,59.9707,202201,13,"20,000",240,10,37.5547800420518,126.964458224138
서울역센트럴자이,84.9918,202201,17,"1,000",60,12,37.5547800420518,126.964458224138
서울역센트럴자이,84.9918,202201,19,"5,000",50,13,37.5547800420518,126.964458224138
서울역센트럴자이,59.943,202201,24,"40,000",150,13,37.5547800420518,126.964458224138
서울역센트럴자이,59.943,202201,24,"40,000",150,13,37.5547800420518,126.964458224138
서울역센트럴자이,59.943,202201,27,"5,000",250,8,37.5547800420518,126.964458224138
서울역센트럴자이,59.9808,202201,27,"50,000",120,8,37.5547800420518,126.964458224138
서울역센트럴자이,84.9918,202201,29,"40,000",100,2,37.5547800420518,126.964458224138
서울역센트럴자이,84.972,202202,18,"70,000",30,12,37.5547800420518,126.964458224138
서울역센트럴자이,84.972,202202,18,"10,000",232,12,37.5547800420518,126.964458224138
서울역센트럴자이,84.9918,202202,19,"10,000",340,24,37.5547800420518,126.964458224138
서울역센트럴자이,59.9707,202202,24,"47,000",55,3,37.5547800420518,126.964458224138
서울역센트럴자이,84.972,202202,26,"10,000",270,17,37.5547800420518,126.964458224138
서울역센트럴자이,72.9965,202202,28,"50,000",100,6,37.5547800420518,126.964458224138
서울역센트럴자이,59.943,202203,1,"20,000",170,4,37.5547800420518,126.964458224138
서울역센트럴자이,59.943,202203,13,"5,000",184,9,37.5547800420518,126.964458224138
서울역센트럴자이,59.943,202203,18,"30,000",170,3,37.5547800420518,126.964458224138
서울역센트럴자이,59.943,202203,19,"30,000",150,23,37.5547800420518,126.964458224138
서울역센트럴자이,72.9733,202203,20,"45,000",150,11,37.5547800420518,126.964458224138
서울역센트럴자이,72.9733,202203,20,"45,000",150,11,37.5547800420518,126.964458224138
서울역센트럴자이,84.972,202203,21,"20,000",250,4,37.5547800420518,126.964458224138
서울역센트럴자이,59.943,202203,22,"5,000",270,4,37.5547800420518,126.964458224138
서울역센트럴자이,59.943,202203,26,"60,000",80,9,37.5547800420518,126.964458224138
서울역센트럴자이,59.943,202204,9,"10,000",250,17,37.5547800420518,126.964458224138
서울역센트럴자이,84.9918,202204,13,"1,500",360,24,37.5547800420518,126.964458224138
서울역센트럴자이,59.943,202204,22,"5,000",210,16,37.5547800420518,126.964458224138
서울역센트럴자이,84.9918,202204,23,"60,000",70,8,37.5547800420518,126.964458224138
서울역센트럴자이,84.972,202204,23,"45,000",175,2,37.5547800420518,126.964458224138
서울역센트럴자이,84.972,202205,11,"10,000",350,8,37.5547800420518,126.964458224138
서울역센트럴자이,72.9932,202205,14,"40,000",155,10,37.5547800420518,126.964458224138
서울역센트럴자이,59.943,202205,22,"5,000",270,9,37.5547800420518,126.964458224138
서울역센트럴자이,59.943,202205,22,"5,000",270,9,37.5547800420518,126.964458224138
서울역센트럴자이,84.972,202205,25,"20,000",250,20,37.5547800420518,126.964458224138
서울역센트럴자이,84.972,202205,30,"50,010",155,13,37.5547800420518,126.964458224138
서울역센트럴자이,84.9791,202206,4,"20,000",218,2,37.5547800420518,126.964458224138
서울역센트럴자이,84.9791,202206,4,"20,000",232,2,37.5547800420518,126.964458224138
서울역센트럴자이,72.8899,202206,18,"10,000",270,19,37.5547800420518,126.964458224138
서울역센트럴자이,84.9918,202206,28,"5,000",235,12,37.5547800420518,126.964458224138
서울역센트럴자이,59.943,202206,29,"30,000",170,22,37.5547800420518,126.964458224138
서울역센트럴자이,59.9808,202207,4,"20,000",140,15,37.5547800420518,126.964458224138
서울역센트럴자이,59.943,202207,12,"5,000",280,2,37.5547800420518,126.964458224138
서울역센트럴자이,59.943,202207,14,"5,000",300,3,37.5547800420518,126.964458224138
서울역센트럴자이,59.943,202208,2,"59,850",35,25,37.5547800420518,126.964458224138
서울역센트럴자이,72.9733,202208,11,"30,000",200,9,37.5547800420518,126.964458224138
서울역센트럴자이,84.972,202208,13,"70,000",80,20,37.5547800420518,126.964458224138
서울역센트럴자이,59.9707,202208,17,"2,000",231,15,37.5547800420518,126.964458224138
서울역센트럴자이,84.9791,202208,20,"40,000",190,23,37.5547800420518,126.964458224138
서울역센트럴자이,84.9791,202208,20,"40,000",90,23,37.5547800420518,126.964458224138
서울역센트럴자이,84.972,202208,27,"80,000",50,3,37.5547800420518,126.964458224138
서울역센트럴자이,59.943,202208,31,"5,000",250,8,37.5547800420518,126.964458224138
서울역센트럴자이,72.9965,202209,1,"30,000",195,25,37.5547800420518,126.964458224138
서울역센트럴자이,72.9965,202209,3,"45,000",150,12,37.5547800420518,126.964458224138
서울역센트럴자이,72.9965,202209,3,"45,000",150,12,37.5547800420518,126.964458224138
서울역센트럴자이,59.943,202209,7,"44,000",68,20,37.5547800420518,126.964458224138
서울역센트럴자이,84.9918,202209,8,"50,000",160,24,37.5547800420518,126.964458224138
서울역센트럴자이,84.9918,202209,16,"15,000",175,10,37.5547800420518,126.964458224138
서울역센트럴자이,72.9733,202209,17,"40,000",166,10,37.5547800420518,126.964458224138
서울역센트럴자이,59.943,202209,27,"30,000",110,12,37.5547800420518,126.964458224138
서울역센트럴자이,59.943,202210,3,"5,000",260,21,37.5547800420518,126.964458224138
서울역센트럴자이,84.972,202210,7,"10,000",320,18,37.5547800420518,126.964458224138
서울역센트럴자이,72.9965,202210,21,"10,000",260,9,37.5547800420518,126.964458224138
서울역센트럴자이,72.9733,202211,7,"10,000",300,16,37.5547800420518,126.964458224138
서울역센트럴자이,72.9733,202211,7,"10,000",300,16,37.5547800420518,126.964458224138
서울역센트럴자이,84.972,202211,9,"20,000",260,6,37.5547800420518,126.964458224138
서울역센트럴자이(임대),39.9541,202201,10,"5,077",15,-3,37.5545760844191,126.963956968884
서울역센트럴자이(임대),47.4739,202201,18,"4,127",18,2,37.5545760844191,126.963956968884
서울역센트럴자이(임대),39.9541,202205,23,"20,303",50,10,37.5545760844191,126.963956968884
서울역센트럴자이(임대),47.4739,202208,18,"4,127",18,12,37.5545760844191,126.963956968884
서울역센트럴자이(임대),39.9541,202209,14,"30,000",183,8,37.5545760844191,126.963956968884
서울역센트럴자이(임대),39.9541,202210,6,"50,000",100,5,37.5545760844191,126.963956968884
서울역한라비발디센트럴,71.9832,202201,8,"30,000",93,6,37.5545735828657,126.965847056196
서울역한라비발디센트럴,71.9832,202201,22,"5,000",200,12,37.5545735828657,126.965847056196
서울역한라비발디센트럴,71.9832,202201,25,"30,000",165,2,37.5545735828657,126.965847056196
서울역한라비발디센트럴,84.9728,202201,26,"15,000",250,4,37.5545735828657,126.965847056196
서울역한라비발디센트럴,84.9774,202201,28,"10,000",280,8,37.5545735828657,126.965847056196
서울역한라비발디센트럴,84.9774,202202,4,"61,000",8,2,37.5545735828657,126.965847056196
서울역한라비발디센트럴,84.9774,202202,5,"68,600",35,3,37.5545735828657,126.965847056196
서울역한라비발디센트럴,71.9832,202202,7,"55,000",30,10,37.5545735828657,126.965847056196
서울역한라비발디센트럴,84.9774,202202,11,"60,000",65,11,37.5545735828657,126.965847056196
서울역한라비발디센트럴,71.9832,202202,11,"53,000",60,4,37.5545735828657,126.965847056196
서울역한라비발디센트럴,71.9832,202202,12,"40,000",76,5,37.5545735828657,126.965847056196
서울역한라비발디센트럴,84.9774,202202,12,"55,000",49,6,37.5545735828657,126.965847056196
서울역한라비발디센트럴,84.9774,202202,17,"30,000",130,8,37.5545735828657,126.965847056196
서울역한라비발디센트럴,84.9774,202202,22,"10,000",195,12,37.5545735828657,126.965847056196
서울역한라비발디센트럴,84.9774,202202,26,"45,000",100,4,37.5545735828657,126.965847056196
서울역한라비발디센트럴,71.9832,202203,5,"4,000",135,10,37.5545735828657,126.965847056196
서울역한라비발디센트럴,84.9774,202203,28,"72,000",9,5,37.5545735828657,126.965847056196
서울역한라비발디센트럴,84.9774,202204,22,"5,000",240,9,37.5545735828657,126.965847056196
서울역한라비발디센트럴,71.9832,202204,30,"15,000",180,11,37.5545735828657,126.965847056196
서울역한라비발디센트럴,71.9832,202205,1,"65,000",70,13,37.5545735828657,126.965847056196
서울역한라비발디센트럴,84.9774,202206,11,"5,000",240,8,37.5545735828657,126.965847056196
서울역한라비발디센트럴,71.9832,202208,26,"5,000",200,14,37.5545735828657,126.965847056196
묵정,52.46,202202,17,"5,000",80,7,37.5607074663453,127.000060665185
묵정,52.46,202202,19,"3,000",90,3,37.5607074663453,127.000060665185
묵정,52.46,202203,2,"2,000",80,1,37.5607074663453,127.000060665185
묵정,52.46,202204,2,"3,000",90,4,37.5607074663453,127.000060665185
묵정,52.46,202206,17,"1,000",110,9,37.5607074663453,127.000060665185
묵정,52.46,202206,17,"1,000",110,9,37.5607074663453,127.000060665185
묵정,52.46,202207,22,"2,000",80,3,37.5607074663453,127.000060665185
묵정,52.46,202208,16,"2,000",80,2,37.5607074663453,127.000060665185
묵정,52.46,202209,2,"10,000",40,6,37.5607074663453,127.000060665185
묵정,52.46,202209,3,"8,000",65,7,37.5607074663453,127.000060665185
묵정,52.46,202209,3,"8,000",65,7,37.5607074663453,127.000060665185
묵정,52.46,202210,8,"2,000",120,9,37.5607074663453,127.000060665185
충무,67.77,202201,27,"10,000",80,10,37.5607315198784,127.000855311471
충무,67.77,202210,8,"10,000",70,2,37.5607315198784,127.000855311471
덕수궁롯데캐슬,116.5445,202201,17,"100,000",120,17,37.5637084894676,126.970042986983
덕수궁롯데캐슬,31.7571,202201,29,"2,000",133,9,37.5637084894676,126.970042986983
덕수궁롯데캐슬,117.7748,202202,4,"10,000",500,22,37.5637084894676,126.970042986983
덕수궁롯데캐슬,117.7748,202202,11,"12,000",300,22,37.5637084894676,126.970042986983
덕수궁롯데캐슬,69.5135,202203,14,"2,000",330,6,37.5637084894676,126.970042986983
덕수궁롯데캐슬,56.2897,202204,1,"3,000",199,6,37.5637084894676,126.970042986983
덕수궁롯데캐슬,56.2897,202204,14,"5,000",250,6,37.5637084894676,126.970042986983
덕수궁롯데캐슬,56.2897,202204,14,"5,000",250,6,37.5637084894676,126.970042986983
덕수궁롯데캐슬,42.3686,202205,1,"2,000",150,6,37.5637084894676,126.970042986983
덕수궁롯데캐슬,42.3686,202205,21,"35,000",40,10,37.5637084894676,126.970042986983
덕수궁롯데캐슬,42.3686,202205,21,"35,000",40,10,37.5637084894676,126.970042986983
덕수궁롯데캐슬,56.2897,202205,27,"25,000",98,8,37.5637084894676,126.970042986983
덕수궁롯데캐슬,69.5135,202206,8,"5,000",280,6,37.5637084894676,126.970042986983
덕수궁롯데캐슬,56.2897,202207,6,"50,000",33,5,37.5637084894676,126.970042986983
덕수궁롯데캐슬,69.5135,202207,15,"45,000",105,9,37.5637084894676,126.970042986983
덕수궁롯데캐슬,31.7571,202207,27,"30,000",30,8,37.5637084894676,126.970042986983
덕수궁롯데캐슬,56.2897,202208,16,"2,000",240,7,37.5637084894676,126.970042986983
덕수궁롯데캐슬,56.2897,202208,17,"50,000",37,10,37.5637084894676,126.970042986983
덕수궁롯데캐슬,31.7571,202209,19,"2,000",133,9,37.5637084894676,126.970042986983
덕수궁롯데캐슬,42.3686,202209,24,"11,000",113,6,37.5637084894676,126.970042986983
덕수궁롯데캐슬,116.5445,202210,4,"30,000",370,19,37.5637084894676,126.970042986983
덕수궁롯데캐슬,56.2897,202210,15,"5,000",210,8,37.5637084894676,126.970042986983
덕수궁롯데캐슬,56.2897,202211,19,"25,000",94,8,37.5637084894676,126.970042986983
덕수궁롯데캐슬,31.7571,202211,24,"25,000",60,9,37.5637084894676,126.970042986983
바비엥3,70.81,202202,10,"2,000",170,14,37.5631059622005,126.969569549275
바비엥3,65.71,202202,19,"2,000",200,15,37.5631059622005,126.969569549275
바비엥3,65.71,202207,18,"2,000",180,18,37.5631059622005,126.969569549275
바비엥3,70.81,202207,19,"2,000",170,19,37.5631059622005,126.969569549275
바비엥3,65.71,202207,21,"2,000",158,13,37.5631059622005,126.969569549275
바비엥3,70.46,202208,12,"2,000",180,17,37.5631059622005,126.969569549275
바비엥3,60.16,202209,22,"20,000",80,19,37.5631059622005,126.969569549275
순화동더샵,84.9,202202,21,"5,000",350,19,37.5602669008102,126.972035325682
순화동더샵,84.99,202204,4,240,240,25,37.5602669008102,126.972035325682
순화동더샵,49.2,202208,1,"4,000",120,13,37.5602669008102,126.972035325682
순화동더샵,57.58,202209,2,"38,000",50,11,37.5602669008102,126.972035325682
순화동더샵,49.2,202209,26,"20,000",49,11,37.5602669008102,126.972035325682
순화동더샵,57.58,202211,2,"36,000",40,8,37.5602669008102,126.972035325682
(340-127),16.64,202201,13,"5,000",25,4,37.5559723399868,127.012449835838
(340-127),16.64,202203,4,"3,000",25,9,37.5559723399868,127.012449835838
(372-66),20.06,202206,6,"2,000",50,6,37.5522374841834,127.01196066611
그린빌,69.2,202204,27,"25,000",70,3,37.5644291001956,127.018012343981
남산리젠트힐,93.51,202206,21,300,300,4,37.5487459702542,127.005327951013
남산리젠트힐,137.51,202209,28,650,650,5,37.5487459702542,127.005327951013
남산리젠트힐,72.53,202210,14,150,180,4,37.5487459702542,127.005327951013
남산타운,84.88,202201,4,"5,000",220,15,37.5471667734011,127.005677166122
남산타운,59.94,202201,5,"5,000",116,16,37.5471667734011,127.005677166122
남산타운,114.88,202201,8,"50,000",59,6,37.5471667734011,127.005677166122
남산타운,84.88,202201,10,"50,000",5,14,37.5471667734011,127.005677166122
남산타운,84.88,202201,10,"50,000",5,14,37.5471667734011,127.005677166122
남산타운,59.94,202201,11,"42,000",5,7,37.5471667734011,127.005677166122
남산타운,84.88,202201,12,"10,000",143,11,37.5471667734011,127.005677166122
남산타운,84.88,202201,13,"20,000",180,1,37.5471667734011,127.005677166122
남산타운,84.88,202201,15,"10,000",195,2,37.5471667734011,127.005677166122
남산타운,84.88,202201,15,"3,000",195,17,37.5471667734011,127.005677166122
남산타운,84.88,202201,15,"20,000",170,11,37.5471667734011,127.005677166122
남산타운,84.88,202201,20,"20,000",140,10,37.5471667734011,127.005677166122
남산타운,59.94,202201,22,"30,000",80,2,37.5471667734011,127.005677166122
남산타운,84.88,202201,22,"50,000",100,10,37.5471667734011,127.005677166122
남산타운,84.88,202202,4,"30,000",66,9,37.5471667734011,127.005677166122
남산타운,84.88,202202,5,"52,000",5,7,37.5471667734011,127.005677166122
남산타운,84.88,202202,8,"30,000",75,4,37.5471667734011,127.005677166122
남산타운,114.88,202202,10,"65,000",90,17,37.5471667734011,127.005677166122
남산타운,59.94,202202,11,"5,000",160,16,37.5471667734011,127.005677166122
남산타운,59.94,202202,12,"9,000",96,17,37.5471667734011,127.005677166122
남산타운,84.88,202202,14,"10,000",157,6,37.5471667734011,127.005677166122
남산타운,59.94,202202,17,"5,000",160,15,37.5471667734011,127.005677166122
남산타운,59.94,202202,17,"4,000",160,7,37.5471667734011,127.005677166122
남산타운,59.94,202202,19,"35,000",75,13,37.5471667734011,127.005677166122
남산타운,59.94,202202,26,"50,000",25,1,37.5471667734011,127.005677166122
남산타운,114.88,202202,28,"61,000",6,11,37.5471667734011,127.005677166122
남산타운,59.94,202203,1,"2,000",142,4,37.5471667734011,127.005677166122
남산타운,84.88,202203,2,"20,000",180,6,37.5471667734011,127.005677166122
남산타운,59.94,202203,8,"3,000",137,13,37.5471667734011,127.005677166122
남산타운,59.94,202203,9,"4,000",127,15,37.5471667734011,127.005677166122
남산타운,114.88,202203,12,"35,000",140,2,37.5471667734011,127.005677166122
남산타운,114.88,202203,12,"35,000",140,2,37.5471667734011,127.005677166122
남산타운,59.94,202203,14,"3,000",160,18,37.5471667734011,127.005677166122
남산타운,114.88,202203,15,"73,000",35,13,37.5471667734011,127.005677166122
남산타운,114.88,202203,17,"65,000",70,2,37.5471667734011,127.005677166122
남산타운,114.88,202203,19,"35,000",185,16,37.5471667734011,127.005677166122
남산타운,59.94,202203,19,"10,000",85,15,37.5471667734011,127.005677166122
남산타운,114.88,202203,19,"35,000",185,16,37.5471667734011,127.005677166122
남산타운,114.88,202203,22,"5,000",240,8,37.5471667734011,127.005677166122
남산타운,114.88,202203,23,"65,000",100,2,37.5471667734011,127.005677166122
남산타운,59.94,202203,24,"3,000",135,9,37.5471667734011,127.005677166122
남산타운,59.94,202203,24,"10,000",140,18,37.5471667734011,127.005677166122
남산타운,84.88,202203,24,"10,000",270,3,37.5471667734011,127.005677166122
남산타운,114.88,202203,25,"10,000",360,10,37.5471667734011,127.005677166122
남산타운,114.88,202203,25,"10,000",360,10,37.5471667734011,127.005677166122
남산타운,84.88,202203,26,"5,000",150,14,37.5471667734011,127.005677166122
남산타운,84.88,202203,28,"60,000",50,12,37.5471667734011,127.005677166122
남산타운,84.88,202203,28,"55,000",80,3,37.5471667734011,127.005677166122
남산타운,84.88,202203,28,"5,000",200,4,37.5471667734011,127.005677166122
남산타운,84.88,202203,30,"40,000",50,14,37.5471667734011,127.005677166122
남산타운,84.88,202203,30,"10,000",127,8,37.5471667734011,127.005677166122
남산타운,59.94,202204,2,"15,000",76,10,37.5471667734011,127.005677166122
남산타운,114.88,202204,2,"23,000",119,17,37.5471667734011,127.005677166122
남산타운,59.94,202204,10,"5,000",150,7,37.5471667734011,127.005677166122
남산타운,59.94,202204,11,"50,000",30,8,37.5471667734011,127.005677166122
남산타운,114.88,202204,11,"20,000",185,17,37.5471667734011,127.005677166122
남산타운,59.94,202204,12,"15,000",140,5,37.5471667734011,127.005677166122
남산타운,59.94,202204,12,"10,000",106,14,37.5471667734011,127.005677166122
남산타운,59.94,202204,16,"10,000",91,10,37.5471667734011,127.005677166122
남산타운,59.94,202204,16,"10,000",96,6,37.5471667734011,127.005677166122
남산타운,59.94,202204,19,"35,000",60,9,37.5471667734011,127.005677166122
남산타운,59.94,202204,20,"10,000",130,18,37.5471667734011,127.005677166122
남산타운,84.88,202204,23,"5,000",147,1,37.5471667734011,127.005677166122
남산타운,84.88,202204,25,"5,250",173,15,37.5471667734011,127.005677166122
남산타운,84.88,202204,27,"60,000",50,1,37.5471667734011,127.005677166122
남산타운,84.88,202204,28,"46,000",70,14,37.5471667734011,127.005677166122
남산타운,114.88,202205,3,"5,000",300,7,37.5471667734011,127.005677166122
남산타운,84.88,202205,5,"4,000",160,9,37.5471667734011,127.005677166122
남산타운,59.94,202205,10,"3,000",137,14,37.5471667734011,127.005677166122
남산타운,84.88,202205,10,"40,000",59,7,37.5471667734011,127.005677166122
남산타운,59.94,202205,11,"3,000",150,3,37.5471667734011,127.005677166122
남산타운,114.88,202205,12,"10,000",280,8,37.5471667734011,127.005677166122
남산타운,59.94,202205,15,"5,000",116,9,37.5471667734011,127.005677166122
남산타운,59.94,202205,17,"10,000",128,11,37.5471667734011,127.005677166122
남산타운,84.88,202205,17,"50,000",110,18,37.5471667734011,127.005677166122
남산타운,84.88,202205,17,"50,000",130,7,37.5471667734011,127.005677166122
남산타운,59.94,202205,17,"10,000",119,11,37.5471667734011,127.005677166122
남산타운,84.88,202205,19,"7,500",167,7,37.5471667734011,127.005677166122
남산타운,84.88,202205,21,"5,000",158,5,37.5471667734011,127.005677166122
남산타운,59.94,202205,21,"42,000",25,9,37.5471667734011,127.005677166122
남산타운,59.94,202205,21,"15,000",71,1,37.5471667734011,127.005677166122
남산타운,114.88,202205,25,"23,000",130,15,37.5471667734011,127.005677166122
남산타운,84.88,202205,25,"5,000",200,18,37.5471667734011,127.005677166122
남산타운,84.88,202206,2,"5,000",163,18,37.5471667734011,127.005677166122
남산타운,84.88,202206,3,"50,000",100,17,37.5471667734011,127.005677166122
남산타운,59.94,202206,3,"10,000",150,6,37.5471667734011,127.005677166122
남산타운,59.94,202206,8,"3,000",160,1,37.5471667734011,127.005677166122
남산타운,59.94,202206,10,"3,000",137,4,37.5471667734011,127.005677166122
남산타운,59.94,202206,10,"5,000",170,8,37.5471667734011,127.005677166122
남산타운,84.88,202206,11,"5,000",158,9,37.5471667734011,127.005677166122
남산타운,84.88,202206,11,"35,000",130,15,37.5471667734011,127.005677166122
남산타운,59.94,202206,18,"3,150",137,11,37.5471667734011,127.005677166122
남산타운,114.88,202206,18,"47,320",70,9,37.5471667734011,127.005677166122
남산타운,59.94,202206,21,"46,000",20,7,37.5471667734011,127.005677166122
남산타운,84.88,202206,24,"5,000",158,12,37.5471667734011,127.005677166122
남산타운,84.88,202206,29,"5,000",170,15,37.5471667734011,127.005677166122
남산타운,59.94,202207,4,"5,000",170,17,37.5471667734011,127.005677166122
남산타운,84.88,202207,4,"10,000",230,15,37.5471667734011,127.005677166122
남산타운,59.94,202207,7,"6,000",116,7,37.5471667734011,127.005677166122
남산타운,84.88,202207,7,"5,000",210,4,37.5471667734011,127.005677166122
남산타운,84.88,202207,9,"4,000",147,16,37.5471667734011,127.005677166122
남산타운,84.88,202207,9,"54,000",100,12,37.5471667734011,127.005677166122
남산타운,84.88,202207,12,"5,000",168,3,37.5471667734011,127.005677166122
남산타운,84.88,202207,12,"7,800",160,11,37.5471667734011,127.005677166122
남산타운,59.94,202207,12,"40,000",70,3,37.5471667734011,127.005677166122
남산타운,84.88,202207,12,"7,800",160,11,37.5471667734011,127.005677166122
남산타운,114.88,202207,19,"20,000",280,5,37.5471667734011,127.005677166122
남산타운,84.88,202207,19,"5,000",158,11,37.5471667734011,127.005677166122
남산타운,114.88,202207,20,"50,000",130,9,37.5471667734011,127.005677166122
남산타운,84.88,202207,23,"10,000",200,2,37.5471667734011,127.005677166122
남산타운,84.88,202207,23,"10,000",200,2,37.5471667734011,127.005677166122
남산타운,114.88,202207,25,"3,000",221,14,37.5471667734011,127.005677166122
남산타운,84.88,202207,29,"30,000",150,11,37.5471667734011,127.005677166122
남산타운,84.88,202208,5,"20,000",140,7,37.5471667734011,127.005677166122
남산타운,84.88,202208,12,"3,000",170,18,37.5471667734011,127.005677166122
남산타운,114.88,202208,12,"50,000",61,17,37.5471667734011,127.005677166122
남산타운,84.88,202208,16,"60,000",90,16,37.5471667734011,127.005677166122
남산타운,59.94,202208,17,"3,000",160,5,37.5471667734011,127.005677166122
남산타운,84.88,202208,22,"5,000",195,12,37.5471667734011,127.005677166122
남산타운,114.88,202208,25,"5,250",242,17,37.5471667734011,127.005677166122
남산타운,59.94,202208,26,"5,000",170,5,37.5471667734011,127.005677166122
남산타운,59.94,202208,29,"30,000",110,9,37.5471667734011,127.005677166122
남산타운,84.88,202208,30,"5,000",140,18,37.5471667734011,127.005677166122
남산타운,59.94,202208,31,"10,000",175,7,37.5471667734011,127.005677166122
남산타운,114.88,202209,2,"50,000",175,15,37.5471667734011,127.005677166122
남산타운,114.88,202209,3,"50,000",150,3,37.5471667734011,127.005677166122
남산타운,59.94,202209,3,"3,000",160,5,37.5471667734011,127.005677166122
남산타운,59.94,202209,5,"30,000",100,11,37.5471667734011,127.005677166122
남산타운,84.88,202209,10,"7,000",166,13,37.5471667734011,127.005677166122
남산타운,84.88,202209,13,"5,000",140,1,37.5471667734011,127.005677166122
남산타운,84.88,202209,14,"30,000",135,10,37.5471667734011,127.005677166122
남산타운,84.88,202209,15,"10,000",235,13,37.5471667734011,127.005677166122
남산타운,59.94,202209,15,"10,000",107,15,37.5471667734011,127.005677166122
남산타운,114.88,202209,16,"50,000",170,6,37.5471667734011,127.005677166122
남산타운,84.88,202209,19,"10,000",210,13,37.5471667734011,127.005677166122
남산타운,84.88,202209,19,"10,000",210,13,37.5471667734011,127.005677166122
남산타운,59.94,202209,21,"3,000",137,15,37.5471667734011,127.005677166122
남산타운,84.88,202209,21,"5,000",190,2,37.5471667734011,127.005677166122
남산타운,114.88,202209,24,"4,000",330,2,37.5471667734011,127.005677166122
남산타운,59.94,202209,25,"33,000",37,9,37.5471667734011,127.005677166122
남산타운,84.88,202209,27,"10,000",191,12,37.5471667734011,127.005677166122
남산타운,84.88,202209,29,"51,450",60,8,37.5471667734011,127.005677166122
남산타운,59.94,202209,29,"10,000",180,6,37.5471667734011,127.005677166122
남산타운,84.88,202210,1,"30,000",160,17,37.5471667734011,127.005677166122
남산타운,84.88,202210,4,"56,700",42,14,37.5471667734011,127.005677166122
남산타운,59.94,202210,5,"10,000",160,12,37.5471667734011,127.005677166122
남산타운,84.88,202210,8,"5,000",210,18,37.5471667734011,127.005677166122
남산타운,59.94,202210,8,"15,000",90,11,37.5471667734011,127.005677166122
남산타운,59.94,202210,10,"25,000",92,3,37.5471667734011,127.005677166122
남산타운,59.94,202210,13,"3,000",170,4,37.5471667734011,127.005677166122
남산타운,59.94,202210,14,"3,000",135,3,37.5471667734011,127.005677166122
남산타운,84.88,202210,17,"20,000",190,17,37.5471667734011,127.005677166122
남산타운,114.88,202210,26,"31,000",200,18,37.5471667734011,127.005677166122
남산타운,84.88,202211,2,"61,700",70,17,37.5471667734011,127.005677166122
남산타운,59.94,202211,3,"20,000",115,6,37.5471667734011,127.005677166122
남산타운,59.94,202211,5,"40,000",45,2,37.5471667734011,127.005677166122
남산타운,59.94,202211,6,"10,000",145,5,37.5471667734011,127.005677166122
남산타운,59.94,202211,12,"3,000",160,5,37.5471667734011,127.005677166122
남산타운,59.94,202211,15,"5,000",175,13,37.5471667734011,127.005677166122
남산타운,59.94,202211,16,"25,000",110,13,37.5471667734011,127.005677166122
남산타운,114.88,202211,16,"72,450",76,9,37.5471667734011,127.005677166122
남산타운,59.94,202211,19,"35,000",58,12,37.5471667734011,127.005677166122
남산타운,84.88,202211,21,"5,000",220,8,37.5471667734011,127.005677166122
남산타운,84.88,202211,21,"37,000",100,13,37.5471667734011,127.005677166122
남산타운,84.88,202211,26,"40,000",100,13,37.5471667734011,127.005677166122
남산타운(임대),32.76,202201,17,"2,955",6,18,37.5471667734011,127.005677166122
남산타운(임대),32.76,202201,26,"2,955",6,17,37.5471667734011,127.005677166122
남산타운(임대),32.76,202203,17,"1,265",16,17,37.5471667734011,127.005677166122
남산타운(임대),32.76,202203,28,"2,955",6,16,37.5471667734011,127.005677166122
남산타운(임대),32.76,202204,21,"1,265",16,6,37.5471667734011,127.005677166122
남산타운(임대),32.76,202206,7,"4,459",5,1,37.5471667734011,127.005677166122
남산타운(임대),32.76,202206,15,"1,518",19,13,37.5471667734011,127.005677166122
남산타운(임대),32.76,202206,20,"1,265",16,13,37.5471667734011,127.005677166122
남산타운(임대),32.76,202206,20,"1,265",16,14,37.5471667734011,127.005677166122
남산타운(임대),32.76,202206,20,506,17,6,37.5471667734011,127.005677166122
남산타운(임대),32.76,202206,20,"2,457",6,14,37.5471667734011,127.005677166122
남산타운(임대),32.76,202206,20,"1,265",16,6,37.5471667734011,127.005677166122
남산타운(임대),32.76,202206,22,"1,265",16,3,37.5471667734011,127.005677166122
남산타운(임대),32.76,202206,22,"1,265",16,13,37.5471667734011,127.005677166122
남산타운(임대),32.76,202206,22,"1,265",16,13,37.5471667734011,127.005677166122
남산타운(임대),32.76,202206,22,506,17,13,37.5471667734011,127.005677166122
남산타운(임대),32.76,202206,23,"1,265",16,16,37.5471667734011,127.005677166122
남산타운(임대),32.76,202206,24,506,17,11,37.5471667734011,127.005677166122
남산타운(임대),32.76,202206,24,"1,265",16,15,37.5471667734011,127.005677166122
남산타운(임대),32.76,202206,24,506,17,6,37.5471667734011,127.005677166122
남산타운(임대),32.76,202206,24,"1,265",16,11,37.5471667734011,127.005677166122
남산타운(임대),32.76,202206,24,506,17,10,37.5471667734011,127.005677166122
남산타운(임대),32.76,202207,11,"3,587",8,3,37.5471667734011,127.005677166122
남산타운(임대),32.76,202207,11,"1,265",16,15,37.5471667734011,127.005677166122
남산타운(임대),32.76,202207,11,"3,947",1,4,37.5471667734011,127.005677166122
남산타운(임대),32.76,202207,11,"3,250",5,14,37.5471667734011,127.005677166122
남산타운(임대),32.76,202207,12,"1,265",16,11,37.5471667734011,127.005677166122
남산타운(임대),32.76,202207,13,"1,265",16,7,37.5471667734011,127.005677166122
남산타운(임대),32.76,202207,14,"1,265",16,4,37.5471667734011,127.005677166122
남산타운(임대),32.76,202207,18,"1,265",16,6,37.5471667734011,127.005677166122
남산타운(임대),32.76,202207,18,"2,457",6,4,37.5471667734011,127.005677166122
남산타운(임대),32.76,202207,18,"1,265",16,12,37.5471667734011,127.005677166122
남산타운(임대),32.76,202207,19,"1,265",16,10,37.5471667734011,127.005677166122
남산타운(임대),32.76,202207,19,506,16,14,37.5471667734011,127.005677166122
남산타운(임대),32.76,202207,20,506,17,1,37.5471667734011,127.005677166122
남산타운(임대),32.76,202207,20,506,17,17,37.5471667734011,127.005677166122
남산타운(임대),32.76,202207,20,"1,265",16,10,37.5471667734011,127.005677166122
남산타운(임대),32.76,202207,20,"1,265",16,16,37.5471667734011,127.005677166122
남산타운(임대),32.76,202207,20,"1,265",16,14,37.5471667734011,127.005677166122
남산타운(임대),32.76,202207,20,506,17,18,37.5471667734011,127.005677166122
남산타운(임대),32.76,202207,20,506,17,9,37.5471667734011,127.005677166122
남산타운(임대),32.76,202207,25,"2,955",6,13,37.5471667734011,127.005677166122
남산타운(임대),32.76,202208,1,506,17,9,37.5471667734011,127.005677166122
남산타운(임대),32.76,202208,3,"1,265",16,3,37.5471667734011,127.005677166122
남산타운(임대),32.76,202208,16,"1,265",16,2,37.5471667734011,127.005677166122
남산타운(임대),32.76,202209,1,"2,953",6,8,37.5471667734011,127.005677166122
남산타운(임대),32.76,202209,1,"1,265",16,4,37.5471667734011,127.005677166122
남산타운(임대),32.76,202209,1,"1,265",16,4,37.5471667734011,127.005677166122
남산타운(임대),32.76,202209,2,"1,265",16,14,37.5471667734011,127.005677166122
남산타운(임대),32.76,202209,13,"1,265",16,3,37.5471667734011,127.005677166122
남산타운(임대),32.76,202209,14,"2,955",6,12,37.5471667734011,127.005677166122
남산타운(임대),32.76,202209,14,"1,265",16,12,37.5471667734011,127.005677166122
남산타운(임대),32.76,202209,14,"2,955",6,5,37.5471667734011,127.005677166122
남산타운(임대),32.76,202209,16,"1,265",16,13,37.5471667734011,127.005677166122
남산타운(임대),32.76,202209,20,"2,289",10,7,37.5471667734011,127.005677166122
남산타운(임대),32.76,202209,20,"1,265",16,15,37.5471667734011,127.005677166122
남산타운(임대),32.76,202211,16,"1,265",16,15,37.5471667734011,127.005677166122
노블레스2,122.31,202201,13,"15,000",400,5,37.549630663217,127.005273694994
노블레스2,84.84,202206,7,"5,000",273,1,37.549630663217,127.005273694994
노블레스2,84.93,202206,7,"20,000",140,3,37.549630663217,127.005273694994
노블레스2,84.93,202206,7,"20,000",140,3,37.549630663217,127.005273694994
도현블랑빌,98.39,202203,12,"30,000",130,4,37.5480374738163,127.006172769233
동산,41.37,202211,12,"2,000",50,-1,37.5515242905688,127.005295217061
래미안하이베르,84.98,202201,15,"40,000",68,5,37.5610379790132,127.020985832433
래미안하이베르,84.85,202201,17,"7,000",160,14,37.5610379790132,127.020985832433
래미안하이베르,59.95,202201,19,"50,000",50,13,37.5610379790132,127.020985832433
래미안하이베르,84.98,202201,26,"57,000",7,14,37.5610379790132,127.020985832433
래미안하이베르,84.98,202202,8,"58,000",10,8,37.5610379790132,127.020985832433
래미안하이베르,84.85,202202,10,"3,000",260,12,37.5610379790132,127.020985832433
래미안하이베르,59.74,202202,11,"28,000",120,10,37.5610379790132,127.020985832433
래미안하이베르,59.95,202202,21,"50,000",55,8,37.5610379790132,127.020985832433
래미안하이베르,59.95,202203,15,"15,000",160,13,37.5610379790132,127.020985832433
래미안하이베르,84.97,202204,3,"55,000",70,1,37.5610379790132,127.020985832433
래미안하이베르,84.97,202204,3,"55,000",70,1,37.5610379790132,127.020985832433
래미안하이베르,84.97,202204,3,"55,000",70,1,37.5610379790132,127.020985832433
래미안하이베르,59.74,202204,4,"20,000",135,14,37.5610379790132,127.020985832433
래미안하이베르,59.74,202204,6,"30,000",110,6,37.5610379790132,127.020985832433
래미안하이베르,59.74,202204,6,"30,000",110,6,37.5610379790132,127.020985832433
래미안하이베르,84.97,202204,25,"50,000",100,10,37.5610379790132,127.020985832433
래미안하이베르,59.74,202205,9,"10,000",160,12,37.5610379790132,127.020985832433
래미안하이베르,84.97,202205,20,"36,000",40,11,37.5610379790132,127.020985832433
래미안하이베르,117.0,202205,28,"15,000",240,12,37.5610379790132,127.020985832433
래미안하이베르,59.74,202205,28,"30,000",120,10,37.5610379790132,127.020985832433
래미안하이베르,59.95,202206,6,"30,000",100,1,37.5610379790132,127.020985832433
래미안하이베르,84.85,202206,9,"10,000",159,11,37.5610379790132,127.020985832433
래미안하이베르,84.97,202206,10,"58,000",9,5,37.5610379790132,127.020985832433
래미안하이베르,59.74,202206,25,"10,000",155,3,37.5610379790132,127.020985832433
래미안하이베르,117.0,202207,4,"12,000",250,1,37.5610379790132,127.020985832433
래미안하이베르,84.98,202207,7,"10,000",200,6,37.5610379790132,127.020985832433
래미안하이베르,84.97,202207,9,"30,000",96,4,37.5610379790132,127.020985832433
래미안하이베르,84.85,202207,20,"30,000",89,6,37.5610379790132,127.020985832433
래미안하이베르,59.74,202207,23,"5,000",210,15,37.5610379790132,127.020985832433
래미안하이베르,84.98,202207,30,"10,000",190,1,37.5610379790132,127.020985832433
래미안하이베르,59.95,202208,27,"20,000",150,10,37.5610379790132,127.020985832433
래미안하이베르,59.95,202209,2,"15,000",170,9,37.5610379790132,127.020985832433
래미안하이베르,59.95,202209,2,"15,000",170,9,37.5610379790132,127.020985832433
래미안하이베르,84.97,202209,3,"40,000",130,6,37.5610379790132,127.020985832433
래미안하이베르,84.85,202209,21,"20,000",180,9,37.5610379790132,127.020985832433
래미안하이베르,59.74,202210,1,"3,000",158,3,37.5610379790132,127.020985832433
래미안하이베르,84.85,202210,12,"40,000",100,5,37.5610379790132,127.020985832433
래미안하이베르,59.95,202211,5,"5,250",166,4,37.5610379790132,127.020985832433
래미안하이베르,59.95,202211,7,"30,000",100,3,37.5610379790132,127.020985832433
래미안하이베르(임대),37.54,202202,3,"4,897",7,11,37.5610379790132,127.020985832433
래미안하이베르(임대),37.54,202202,21,"3,017",18,7,37.5610379790132,127.020985832433
래미안하이베르(임대),37.54,202206,16,"3,017",18,13,37.5610379790132,127.020985832433
삼성,59.97,202202,8,"5,000",140,10,37.5585358838305,127.01844745293
삼성,59.98,202202,20,"25,000",85,6,37.5585358838305,127.01844745293
삼성,84.96,202203,3,"5,000",140,12,37.5585358838305,127.01844745293
삼성,59.97,202203,4,"20,000",76,4,37.5585358838305,127.01844745293
삼성,59.98,202203,5,"20,000",80,4,37.5585358838305,127.01844745293
삼성,84.96,202203,12,"15,000",160,1,37.5585358838305,127.01844745293
삼성,114.91,202203,16,"50,000",35,11,37.5585358838305,127.01844745293
삼성,114.91,202203,19,"60,000",85,15,37.5585358838305,127.01844745293
삼성,114.91,202203,28,"5,000",255,19,37.5585358838305,127.01844745293
삼성,59.97,202203,28,"39,000",5,17,37.5585358838305,127.01844745293
삼성,84.96,202203,29,"42,000",15,9,37.5585358838305,127.01844745293
삼성,59.98,202204,6,"40,000",50,5,37.5585358838305,127.01844745293
삼성,59.97,202204,9,"39,000",10,3,37.5585358838305,127.01844745293
삼성,59.98,202204,22,"15,000",76,19,37.5585358838305,127.01844745293
삼성,59.97,202204,23,"10,000",110,20,37.5585358838305,127.01844745293
삼성,114.91,202204,27,"30,000",88,19,37.5585358838305,127.01844745293
삼성,59.98,202204,30,"10,000",130,15,37.5585358838305,127.01844745293
삼성,59.98,202205,21,"10,000",140,10,37.5585358838305,127.01844745293
삼성,59.98,202205,29,"10,000",140,10,37.5585358838305,127.01844745293
삼성,84.96,202206,18,"20,000",140,5,37.5585358838305,127.01844745293
삼성,84.96,202206,30,"10,000",160,6,37.5585358838305,127.01844745293
삼성,59.98,202207,18,"26,000",80,9,37.5585358838305,127.01844745293
삼성,114.91,202207,29,"10,000",200,7,37.5585358838305,127.01844745293
삼성,114.91,202207,29,"10,000",200,7,37.5585358838305,127.01844745293
삼성,59.98,202208,5,"30,000",60,10,37.5585358838305,127.01844745293
삼성,84.96,202208,6,"30,000",77,1,37.5585358838305,127.01844745293
삼성,84.96,202209,1,"30,000",55,2,37.5585358838305,127.01844745293
삼성,114.91,202209,24,"10,000",200,18,37.5585358838305,127.01844745293
삼성,59.97,202210,20,"10,000",85,3,37.5585358838305,127.01844745293
삼성,59.97,202211,14,"35,000",21,15,37.5585358838305,127.01844745293
삼성V아파트A동,71.7,202203,8,"10,000",100,5,37.5614791695009,127.015982724623
삼성V아파트A동,81.63,202208,25,"15,000",120,3,37.5614791695009,127.015982724623
삼성V아파트A동,81.63,202208,25,"15,000",120,3,37.5614791695009,127.015982724623
삼성V아파트B동,74.32,202206,30,"4,000",170,5,37.561260421551,127.015878550316
삼성홈타운,83.94,202205,16,"3,000",168,6,37.5627652177316,127.016876929955
삼성홈타운,52.59,202211,19,"5,000",100,2,37.5627652177316,127.016876929955
수산타운(2차),32.86,202202,7,"1,000",55,-1,37.5503835156818,127.005742367209
신당KCC스위첸,59.7807,202202,19,"50,000",50,13,37.563332769162,127.024509368084
신당KCC스위첸,59.7807,202204,9,"70,000",10,7,37.563332769162,127.024509368084
신당KCC스위첸,59.7807,202204,9,"70,000",10,7,37.563332769162,127.024509368084
신당KCC스위첸,72.9906,202210,8,"30,000",140,15,37.563332769162,127.024509368084
신당KCC스위첸,45.7339,202211,30,"5,000",150,7,37.563332769162,127.024509368084
신당동파라다이스,84.96,202207,16,"35,000",85,6,37.5623279089643,127.017258373779
신당아르브,18.08,202201,24,"3,000",55,5,37.5649742650674,127.023319283742
신당아르브,18.08,202206,29,"1,000",65,6,37.5649742650674,127.023319283742
신당아르브,18.08,202206,30,"1,000",65,5,37.5649742650674,127.023319283742
신당역솔하임,14.15,202202,9,"1,000",75,14,37.5653849734702,127.02122678483
신당역솔하임,14.08,202202,19,"7,000",45,16,37.5653849734702,127.02122678483
신당역솔하임,18.63,202203,12,"1,000",90,16,37.5653849734702,127.02122678483
신당파인힐하나유보라,24.3931,202201,14,"1,000",71,11,37.5647799977176,127.024709957671
신당파인힐하나유보라,30.4927,202202,11,"4,000",73,8,37.5647799977176,127.024709957671
신당파인힐하나유보라,24.3931,202203,8,"1,000",71,13,37.5647799977176,127.024709957671
신당파인힐하나유보라,30.4927,202203,21,"4,000",66,6,37.5647799977176,127.024709957671
신당파인힐하나유보라,24.3931,202203,28,"1,000",71,9,37.5647799977176,127.024709957671
신당파인힐하나유보라,30.4927,202204,20,"4,000",66,9,37.5647799977176,127.024709957671
신당파인힐하나유보라,30.4927,202205,10,"4,000",73,3,37.5647799977176,127.024709957671
신당파인힐하나유보라,24.3931,202205,12,"1,000",64,10,37.5647799977176,127.024709957671
신당파인힐하나유보라,32.5619,202205,24,"4,000",79,11,37.5647799977176,127.024709957671
신당파인힐하나유보라,32.5619,202206,20,"4,000",79,11,37.5647799977176,127.024709957671
신당파인힐하나유보라,30.4927,202207,6,"4,000",73,10,37.5647799977176,127.024709957671
신당파인힐하나유보라,30.2477,202207,21,"4,000",64,8,37.5647799977176,127.024709957671
신당파인힐하나유보라,24.3931,202207,26,"1,000",64,11,37.5647799977176,127.024709957671
신당파인힐하나유보라,30.2477,202208,5,"4,000",64,4,37.5647799977176,127.024709957671
신당파인힐하나유보라,30.2477,202208,8,"4,000",73,6,37.5647799977176,127.024709957671
신당파인힐하나유보라,24.3931,202208,16,"1,000",71,15,37.5647799977176,127.024709957671
신당파인힐하나유보라,30.2477,202208,22,"4,000",64,10,37.5647799977176,127.024709957671
신당파인힐하나유보라,24.3931,202209,3,"1,000",71,13,37.5647799977176,127.024709957671
신당파인힐하나유보라,24.3931,202211,3,"1,000",71,14,37.5647799977176,127.024709957671
신당파인힐하나유보라,59.0613,202211,25,"10,000",83,8,37.5647799977176,127.024709957671
신당파인힐하나유보라,30.2477,202211,28,"4,000",73,9,37.5647799977176,127.024709957671
신당푸르지오,59.85,202201,18,"20,000",100,11,37.5598646712461,127.019034279491
신당푸르지오,84.39,202204,5,"25,000",150,14,37.5598646712461,127.019034279491
신당푸르지오,59.85,202205,28,"10,000",150,2,37.5598646712461,127.019034279491
신당푸르지오,84.39,202206,16,"20,000",170,12,37.5598646712461,127.019034279491
신당푸르지오,145.1,202206,22,"45,000",140,7,37.5598646712461,127.019034279491
신당푸르지오,59.85,202207,7,"20,000",85,5,37.5598646712461,127.019034279491
신당푸르지오,84.76,202207,21,"10,000",147,14,37.5598646712461,127.019034279491
신당푸르지오,114.48,202208,27,"40,000",113,1,37.5598646712461,127.019034279491
신당푸르지오,145.1,202209,19,"10,000",210,1,37.5598646712461,127.019034279491
신당푸르지오,59.85,202209,27,"10,000",138,1,37.5598646712461,127.019034279491
신당푸르지오,84.76,202210,15,"10,000",138,5,37.5598646712461,127.019034279491
신당푸르지오,84.39,202211,8,"20,000",160,7,37.5598646712461,127.019034279491
신신(1차),53.88,202207,29,"3,500",58,1,37.5508768264711,127.005443079802
신신(2차),59.04,202201,15,"7,000",50,-1,37.5510056793089,127.005219924553
신신(2차),59.98,202204,28,"3,000",80,-1,37.5510056793089,127.005219924553
약수(372-13),50.81,202210,4,"3,000",95,2,37.5536123150113,127.011057445058
약수(372-2796),52.93,202202,3,"5,000",60,3,37.5537689317791,127.010805436782
약수(372-2796),52.93,202207,25,"10,000",35,6,37.5537689317791,127.010805436782
약수(372-2796),65.02,202210,4,"4,000",85,3,37.5537689317791,127.010805436782
약수(372-2796),65.02,202210,4,"10,000",56,6,37.5537689317791,127.010805436782
약수(372-2796),52.93,202210,6,"5,000",60,6,37.5537689317791,127.010805436782
약수(372-2796),52.93,202210,6,"5,000",60,5,37.5537689317791,127.010805436782
약수(372-2796),65.02,202210,6,"5,000",80,6,37.5537689317791,127.010805436782
약수(372-2796),52.93,202210,6,"5,000",60,7,37.5537689317791,127.010805436782
약수(372-2796),52.93,202210,25,"5,000",60,3,37.5537689317791,127.010805436782
약수역더시티,18.86,202203,23,"2,000",80,3,37.5532054555858,127.010718554062
약수역더시티,18.86,202203,24,"13,000",20,10,37.5532054555858,127.010718554062
약수역더시티,18.86,202204,9,"1,000",85,7,37.5532054555858,127.010718554062
약수역더시티,19.06,202204,12,"1,000",83,9,37.5532054555858,127.010718554062
약수역더시티,19.06,202205,6,"2,000",80,10,37.5532054555858,127.010718554062
약수역더시티,18.86,202205,7,"1,000",85,3,37.5532054555858,127.010718554062
약수역더시티,18.86,202207,14,"2,000",90,11,37.5532054555858,127.010718554062
약수역더시티,18.86,202208,20,"2,000",85,6,37.5532054555858,127.010718554062
약수역더시티,18.86,202208,25,"1,000",100,7,37.5532054555858,127.010718554062
약수역더시티,18.86,202209,15,"14,000",20,10,37.5532054555858,127.010718554062
약수역더시티,19.06,202209,24,"1,000",100,10,37.5532054555858,127.010718554062
약수역더시티,18.86,202210,17,"1,000",100,10,37.5532054555858,127.010718554062
약수하이츠,114.92,202201,3,"60,000",130,14,37.5551915990934,127.016359379417
약수하이츠,84.88,202201,8,"5,000",180,13,37.5551915990934,127.016359379417
약수하이츠,32.67,202201,10,423,15,7,37.5551915990934,127.016359379417
약수하이츠,57.63,202201,10,0,130,7,37.5551915990934,127.016359379417
약수하이츠,32.67,202201,10,"1,058",14,7,37.5551915990934,127.016359379417
약수하이츠,32.67,202201,11,"2,519",5,9,37.5551915990934,127.016359379417
약수하이츠,32.67,202201,11,"1,058",14,9,37.5551915990934,127.016359379417
약수하이츠,57.63,202201,12,"33,000",25,19,37.5551915990934,127.016359379417
약수하이츠,84.88,202201,15,"50,000",70,5,37.5551915990934,127.016359379417
약수하이츠,32.67,202201,17,"2,519",5,12,37.5551915990934,127.016359379417
약수하이츠,114.92,202201,21,"60,000",100,1,37.5551915990934,127.016359379417
약수하이츠,57.63,202201,22,"10,000",105,8,37.5551915990934,127.016359379417
약수하이츠,84.88,202201,22,"10,000",145,4,37.5551915990934,127.016359379417
약수하이츠,84.88,202201,25,"20,000",128,6,37.5551915990934,127.016359379417
약수하이츠,84.88,202201,25,"5,000",180,11,37.5551915990934,127.016359379417
약수하이츠,84.88,202202,5,"7,000",150,20,37.5551915990934,127.016359379417
약수하이츠,57.63,202202,8,"10,000",110,5,37.5551915990934,127.016359379417
약수하이츠,32.67,202202,10,"2,775",4,2,37.5551915990934,127.016359379417
약수하이츠,57.63,202202,12,"5,000",116,11,37.5551915990934,127.016359379417
약수하이츠,57.63,202202,14,"33,000",28,1,37.5551915990934,127.016359379417
약수하이츠,84.88,202202,16,"48,000",38,1,37.5551915990934,127.016359379417
약수하이츠,84.88,202202,17,"55,000",7,4,37.5551915990934,127.016359379417
약수하이츠,57.63,202202,18,"8,000",127,12,37.5551915990934,127.016359379417
약수하이츠,57.63,202202,25,"25,000",50,20,37.5551915990934,127.016359379417
약수하이츠,84.88,202202,28,"20,000",118,2,37.5551915990934,127.016359379417
약수하이츠,65.37,202203,1,"28,100",45,6,37.5551915990934,127.016359379417
약수하이츠,65.37,202203,1,"28,100",45,6,37.5551915990934,127.016359379417
약수하이츠,57.63,202203,7,"20,000",80,1,37.5551915990934,127.016359379417
약수하이츠,57.63,202203,7,"5,000",118,16,37.5551915990934,127.016359379417
약수하이츠,57.63,202203,9,"3,000",160,12,37.5551915990934,127.016359379417
약수하이츠,84.88,202203,12,"5,000",158,19,37.5551915990934,127.016359379417
약수하이츠,57.63,202203,14,"30,000",40,13,37.5551915990934,127.016359379417
약수하이츠,57.63,202203,14,"5,000",130,5,37.5551915990934,127.016359379417
약수하이츠,84.88,202203,15,"15,000",170,8,37.5551915990934,127.016359379417
약수하이츠,57.63,202203,19,"20,000",55,7,37.5551915990934,127.016359379417
약수하이츠,57.63,202203,19,"20,000",55,7,37.5551915990934,127.016359379417
약수하이츠,57.63,202203,28,"35,000",60,4,37.5551915990934,127.016359379417
약수하이츠,32.67,202204,14,"1,813",23,13,37.5551915990934,127.016359379417
약수하이츠,114.92,202204,15,"20,000",127,3,37.5551915990934,127.016359379417
약수하이츠,114.92,202204,15,"20,000",127,3,37.5551915990934,127.016359379417
약수하이츠,114.92,202204,15,"20,000",127,3,37.5551915990934,127.016359379417
약수하이츠,84.88,202204,19,"48,000",38,1,37.5551915990934,127.016359379417
약수하이츠,84.88,202204,25,"45,000",50,2,37.5551915990934,127.016359379417
약수하이츠,84.88,202204,29,"45,000",38,6,37.5551915990934,127.016359379417
약수하이츠,84.88,202205,5,"30,000",110,2,37.5551915990934,127.016359379417
약수하이츠,57.63,202205,6,"30,000",50,10,37.5551915990934,127.016359379417
약수하이츠,84.88,202205,10,"5,000",158,2,37.5551915990934,127.016359379417
약수하이츠,84.88,202205,17,"5,000",158,11,37.5551915990934,127.016359379417
약수하이츠,84.88,202205,28,"10,000",180,2,37.5551915990934,127.016359379417
약수하이츠,84.88,202205,28,"10,000",180,2,37.5551915990934,127.016359379417
약수하이츠,114.92,202206,1,"40,000",101,15,37.5551915990934,127.016359379417
약수하이츠,114.92,202206,6,"10,000",170,6,37.5551915990934,127.016359379417
약수하이츠,32.67,202206,15,"1,431",14,17,37.5551915990934,127.016359379417
약수하이츠,114.92,202206,17,"10,000",220,12,37.5551915990934,127.016359379417
약수하이츠,84.88,202206,18,"5,000",158,7,37.5551915990934,127.016359379417
약수하이츠,114.92,202206,22,"20,000",220,9,37.5551915990934,127.016359379417
약수하이츠,84.88,202207,5,"5,000",158,18,37.5551915990934,127.016359379417
약수하이츠,114.92,202207,8,"50,000",120,15,37.5551915990934,127.016359379417
약수하이츠,114.92,202207,8,"50,000",120,15,37.5551915990934,127.016359379417
약수하이츠,65.37,202207,9,"20,000",82,4,37.5551915990934,127.016359379417
약수하이츠,84.88,202207,11,"45,000",40,16,37.5551915990934,127.016359379417
약수하이츠,32.67,202207,12,"2,519",5,18,37.5551915990934,127.016359379417
약수하이츠,32.67,202207,13,"1,058",14,10,37.5551915990934,127.016359379417
약수하이츠,32.67,202207,13,"1,058",14,7,37.5551915990934,127.016359379417
약수하이츠,32.67,202207,13,"1,058",14,15,37.5551915990934,127.016359379417
약수하이츠,32.67,202207,13,"1,523",11,7,37.5551915990934,127.016359379417
약수하이츠,57.63,202207,13,"5,000",130,10,37.5551915990934,127.016359379417
약수하이츠,32.67,202207,14,"1,058",14,5,37.5551915990934,127.016359379417
약수하이츠,32.67,202207,14,"1,058",14,13,37.5551915990934,127.016359379417
약수하이츠,32.67,202207,15,"1,058",14,8,37.5551915990934,127.016359379417
약수하이츠,32.67,202207,18,423,15,6,37.5551915990934,127.016359379417
약수하이츠,32.67,202207,19,"1,058",14,13,37.5551915990934,127.016359379417
약수하이츠,32.67,202207,20,"1,058",14,14,37.5551915990934,127.016359379417
약수하이츠,32.67,202207,20,"1,058",14,8,37.5551915990934,127.016359379417
약수하이츠,57.63,202207,23,"5,000",170,7,37.5551915990934,127.016359379417
약수하이츠,57.63,202207,26,"5,000",160,18,37.5551915990934,127.016359379417
약수하이츠,65.37,202207,27,"21,000",70,3,37.5551915990934,127.016359379417
약수하이츠,114.92,202207,27,"10,000",170,2,37.5551915990934,127.016359379417
약수하이츠,65.37,202208,2,"40,000",50,19,37.5551915990934,127.016359379417
약수하이츠,57.63,202208,6,"20,000",120,13,37.5551915990934,127.016359379417
약수하이츠,114.92,202208,17,"40,000",130,6,37.5551915990934,127.016359379417
약수하이츠,84.88,202208,23,"57,000",10,1,37.5551915990934,127.016359379417
약수하이츠,84.88,202208,23,"5,000",220,11,37.5551915990934,127.016359379417
약수하이츠,65.37,202208,24,"25,000",60,7,37.5551915990934,127.016359379417
약수하이츠,57.63,202209,3,"20,000",125,2,37.5551915990934,127.016359379417
약수하이츠,32.67,202209,7,"1,058",14,2,37.5551915990934,127.016359379417
약수하이츠,32.67,202209,14,"2,519",5,12,37.5551915990934,127.016359379417
약수하이츠,32.67,202209,14,"1,058",14,12,37.5551915990934,127.016359379417
약수하이츠,114.92,202209,14,"5,000",210,4,37.5551915990934,127.016359379417
약수하이츠,57.63,202209,15,"22,000",80,10,37.5551915990934,127.016359379417
약수하이츠,57.63,202209,17,"2,000",160,20,37.5551915990934,127.016359379417
약수하이츠,65.37,202209,17,"28,500",65,12,37.5551915990934,127.016359379417
약수하이츠,57.63,202209,17,"9,000",170,2,37.5551915990934,127.016359379417
약수하이츠,114.92,202209,17,"53,000",90,2,37.5551915990934,127.016359379417
약수하이츠,65.37,202209,19,"26,000",60,12,37.5551915990934,127.016359379417
약수하이츠,57.63,202209,29,"4,000",150,8,37.5551915990934,127.016359379417
약수하이츠,57.63,202209,30,"30,000",70,3,37.5551915990934,127.016359379417
약수하이츠,84.88,202210,6,"5,000",190,15,37.5551915990934,127.016359379417
약수하이츠,57.63,202210,7,"10,000",91,6,37.5551915990934,127.016359379417
약수하이츠,32.67,202210,12,"2,519",5,14,37.5551915990934,127.016359379417
약수하이츠,32.67,202210,12,"2,519",5,2,37.5551915990934,127.016359379417
약수하이츠,84.88,202210,13,"30,000",150,13,37.5551915990934,127.016359379417
약수하이츠,57.63,202210,15,"40,000",11,8,37.5551915990934,127.016359379417
약수하이츠,57.63,202210,19,"20,000",110,6,37.5551915990934,127.016359379417
약수하이츠,57.63,202210,27,"3,000",150,16,37.5551915990934,127.016359379417
약수하이츠,84.88,202211,3,"10,000",136,16,37.5551915990934,127.016359379417
약수하이츠,57.63,202211,4,"35,000",60,3,37.5551915990934,127.016359379417
약수하이츠,57.63,202211,8,"20,000",80,4,37.5551915990934,127.016359379417
약수하이츠,84.88,202211,12,"7,000",220,14,37.5551915990934,127.016359379417
약수하이츠,57.63,202211,30,"25,000",80,9,37.5551915990934,127.016359379417
청구e편한세상,84.95,202201,10,500,265,5,37.5599601596254,127.015451019186
청구e편한세상,84.95,202201,10,"5,000",265,5,37.5599601596254,127.015451019186
청구e편한세상,84.96,202201,12,"10,000",250,6,37.5599601596254,127.015451019186
청구e편한세상,84.96,202201,15,"70,000",75,3,37.5599601596254,127.015451019186
청구e편한세상,84.95,202201,21,"65,000",27,4,37.5599601596254,127.015451019186
청구e편한세상,118.47,202201,21,"10,000",300,11,37.5599601596254,127.015451019186
청구e편한세상,84.96,202201,25,"40,000",120,5,37.5599601596254,127.015451019186
청구e편한세상,84.95,202202,5,"31,500",126,14,37.5599601596254,127.015451019186
청구e편한세상,84.96,202202,9,"25,000",150,4,37.5599601596254,127.015451019186
청구e편한세상,84.96,202202,11,"38,500",100,6,37.5599601596254,127.015451019186
청구e편한세상,84.96,202202,12,"50,000",100,11,37.5599601596254,127.015451019186
청구e편한세상,84.96,202202,19,"5,000",270,12,37.5599601596254,127.015451019186
청구e편한세상,84.95,202202,19,"20,000",200,12,37.5599601596254,127.015451019186
청구e편한세상,84.95,202202,19,"20,000",200,12,37.5599601596254,127.015451019186
청구e편한세상,59.89,202203,18,"40,000",110,10,37.5599601596254,127.015451019186
청구e편한세상,118.47,202204,15,"10,000",290,1,37.5599601596254,127.015451019186
청구e편한세상,84.95,202204,15,"10,000",250,10,37.5599601596254,127.015451019186
청구e편한세상,84.95,202204,15,"10,000",250,10,37.5599601596254,127.015451019186
청구e편한세상,84.96,202204,20,"30,000",175,14,37.5599601596254,127.015451019186
청구e편한세상,118.47,202204,23,"70,000",150,5,37.5599601596254,127.015451019186
청구e편한세상,147.89,202204,30,"60,000",134,7,37.5599601596254,127.015451019186
청구e편한세상,84.95,202205,2,"70,000",80,3,37.5599601596254,127.015451019186
청구e편한세상,84.96,202205,12,"10,000",255,2,37.5599601596254,127.015451019186
청구e편한세상,84.95,202205,28,"40,000",74,5,37.5599601596254,127.015451019186
청구e편한세상,84.96,202206,7,"51,000",39,15,37.5599601596254,127.015451019186
청구e편한세상,59.89,202207,5,"30,000",150,11,37.5599601596254,127.015451019186
청구e편한세상,84.95,202207,9,"45,000",130,1,37.5599601596254,127.015451019186
청구e편한세상,59.88,202207,9,"20,000",180,12,37.5599601596254,127.015451019186
청구e편한세상,118.31,202207,11,"15,000",380,14,37.5599601596254,127.015451019186
청구e편한세상,59.89,202207,29,"45,000",110,11,37.5599601596254,127.015451019186
청구e편한세상,84.96,202208,10,"63,000",31,7,37.5599601596254,127.015451019186
청구e편한세상,84.95,202208,27,"10,000",260,3,37.5599601596254,127.015451019186
청구e편한세상,84.96,202209,2,"40,000",130,5,37.5599601596254,127.015451019186
청구e편한세상,147.89,202209,22,"7,000",200,9,37.5599601596254,127.015451019186
청구e편한세상,84.95,202210,8,"53,800",100,15,37.5599601596254,127.015451019186
청구e편한세상,84.95,202210,21,"70,000",50,4,37.5599601596254,127.015451019186
청구e편한세상,59.88,202210,30,"20,000",200,13,37.5599601596254,127.015451019186
청구e편한세상(임대),35.79,202203,3,"2,799",16,5,37.5599601596254,127.015451019186
청구e편한세상(임대),35.79,202203,17,"2,799",16,7,37.5599601596254,127.015451019186
청구e편한세상(임대),35.79,202203,21,"5,489",1,3,37.5599601596254,127.015451019186
청구e편한세상(임대),35.79,202203,22,"5,489",1,14,37.5599601596254,127.015451019186
청구e편한세상(임대),35.79,202203,25,"2,799",16,1,37.5599601596254,127.015451019186
청구e편한세상(임대),35.79,202206,21,"2,799",16,12,37.5599601596254,127.015451019186
청구e편한세상(임대),35.79,202206,24,"2,799",16,8,37.5599601596254,127.015451019186
청구e편한세상(임대),35.79,202206,24,"1,119",19,4,37.5599601596254,127.015451019186
청구e편한세상(임대),35.79,202210,24,"2,799",16,5,37.5599601596254,127.015451019186
청구e편한세상(임대),35.79,202211,9,"4,495",6,7,37.5599601596254,127.015451019186
태원팰리스5차(432-1132),88.08,202204,7,500,55,6,37.5531182258031,127.007359887163
푸른마을(432-921),59.33,202208,5,"18,500",25,2,37.550932762911,127.00577070098
푸른마을(B),59.42,202203,29,"7,000",70,5,37.5509000472383,127.005960591816
푸른마을(B),59.42,202203,29,"7,000",70,5,37.5509000472383,127.005960591816
한진해모로,27.27,202201,3,"2,150",5,7,37.5637284114639,127.025710739466
한진해모로,27.27,202201,26,"2,150",5,5,37.5637284114639,127.025710739466
한진해모로,27.27,202202,14,866,12,3,37.5637284114639,127.025710739466
한진해모로,27.27,202204,18,"2,303",12,1,37.5637284114639,127.025710739466
한진해모로,27.27,202206,17,"3,177",2,4,37.5637284114639,127.025710739466
한진해모로,59.76,202211,7,"30,000",60,4,37.5637284114639,127.025710739466
한진해모로,27.27,202211,16,866,12,9,37.5637284114639,127.025710739466
현대,83.97,202202,9,"37,000",50,14,37.5605043095453,127.02297053804
현대,79.11,202202,10,"15,000",120,4,37.5605043095453,127.02297053804
현대,66.6,202202,12,"20,000",100,14,37.5605043095453,127.02297053804
현대,79.11,202202,22,"6,000",150,13,37.5605043095453,127.02297053804
현대,139.275,202202,24,"50,000",15,1,37.5605043095453,127.02297053804
현대,66.6,202202,25,"3,000",110,6,37.5605043095453,127.02297053804
현대,79.11,202202,26,"37,000",40,1,37.5605043095453,127.02297053804
현대,83.97,202203,1,"20,000",55,13,37.5605043095453,127.02297053804
현대,83.97,202203,4,"20,000",130,14,37.5605043095453,127.02297053804
현대,83.97,202203,5,"20,000",130,7,37.5605043095453,127.02297053804
현대,66.6,202203,11,"5,000",140,10,37.5605043095453,127.02297053804
현대,79.11,202203,25,"37,000",50,1,37.5605043095453,127.02297053804
현대,79.11,202203,28,"2,000",50,8,37.5605043095453,127.02297053804
현대,79.11,202205,7,"26,500",20,4,37.5605043095453,127.02297053804
현대,66.6,202205,9,"35,000",30,15,37.5605043095453,127.02297053804
현대,121.14,202205,23,"43,000",17,10,37.5605043095453,127.02297053804
현대,79.11,202206,15,"28,000",40,6,37.5605043095453,127.02297053804
현대,83.97,202206,30,"30,000",80,6,37.5605043095453,127.02297053804
현대,66.6,202207,2,"30,000",70,2,37.5605043095453,127.02297053804
현대,83.97,202207,28,"20,000",110,3,37.5605043095453,127.02297053804
현대,121.14,202208,5,"5,000",157,1,37.5605043095453,127.02297053804
현대,83.97,202208,10,"42,000",36,5,37.5605043095453,127.02297053804
현대,83.97,202208,10,"42,000",36,5,37.5605043095453,127.02297053804
현대,66.6,202208,17,"30,000",60,9,37.5605043095453,127.02297053804
현대,83.97,202208,22,"39,000",50,5,37.5605043095453,127.02297053804
현대,122.275,202208,29,"46,000",40,15,37.5605043095453,127.02297053804
현대,139.275,202209,15,"60,000",50,6,37.5605043095453,127.02297053804
현대,83.97,202209,22,"33,000",60,14,37.5605043095453,127.02297053804
현대,83.97,202209,24,"22,000",75,13,37.5605043095453,127.02297053804
현대,79.11,202210,4,"24,000",80,5,37.5605043095453,127.02297053804
현대,79.11,202210,10,"25,000",50,15,37.5605043095453,127.02297053804
현대,122.275,202211,7,"5,000",210,9,37.5605043095453,127.02297053804
현대,83.97,202211,15,"26,000",60,4,37.5605043095453,127.02297053804
현대,139.275,202211,19,"40,000",80,6,37.5605043095453,127.02297053804
삼익,59.58,202206,22,"2,000",120,4,37.5597953581535,126.991592654887
삼익,59.58,202206,22,"2,000",120,4,37.5597953581535,126.991592654887
서제빌딩,21.45,202201,6,"1,000",60,10,37.5643899218959,127.001330851403
서제빌딩,24.2,202201,20,"1,000",65,5,37.5643899218959,127.001330851403
서제빌딩,21.45,202202,17,"1,000",60,11,37.5643899218959,127.001330851403
서제빌딩,21.45,202202,22,"1,000",60,10,37.5643899218959,127.001330851403
서제빌딩,21.45,202203,16,"1,000",60,5,37.5643899218959,127.001330851403
서제빌딩,24.2,202206,9,"1,000",65,5,37.5643899218959,127.001330851403
서제빌딩,21.45,202206,25,"1,000",60,6,37.5643899218959,127.001330851403
서제빌딩,21.45,202206,30,"1,000",60,12,37.5643899218959,127.001330851403
서제빌딩,21.45,202207,9,"1,000",60,9,37.5643899218959,127.001330851403
오렌지카운티을지로,24.19,202202,10,"5,000",75,8,37.5652276672427,127.001411116707
오렌지카운티을지로,12.26,202202,19,500,58,9,37.5652276672427,127.001411116707
오렌지카운티을지로,15.79,202202,23,"1,000",75,15,37.5652276672427,127.001411116707
오렌지카운티을지로,15.79,202203,14,"3,650",14,14,37.5652276672427,127.001411116707
오렌지카운티을지로,15.79,202203,23,"3,950",13,14,37.5652276672427,127.001411116707
오렌지카운티을지로,12.43,202205,15,"1,000",63,9,37.5652276672427,127.001411116707
오렌지카운티을지로,12.43,202208,26,"15,000",6,11,37.5652276672427,127.001411116707
오렌지카운티을지로,12.43,202209,18,"1,000",63,10,37.5652276672427,127.001411116707
오렌지카운티을지로,12.26,202209,27,"9,000",27,9,37.5652276672427,127.001411116707
오렌지카운티을지로,12.26,202210,8,500,58,8,37.5652276672427,127.001411116707
오렌지카운티을지로,12.43,202210,20,"1,000",63,11,37.5652276672427,127.001411116707
오렌지카운티을지로,12.43,202210,20,"1,000",63,11,37.5652276672427,127.001411116707
오렌지카운티을지로,12.43,202210,22,"1,000",60,13,37.5652276672427,127.001411116707
오렌지카운티을지로,12.26,202210,26,"10,000",19,11,37.5652276672427,127.001411116707
오렌지카운티을지로,12.26,202210,26,"10,000",19,11,37.5652276672427,127.001411116707
이지마루오장,14.49,202201,18,"2,000",60,10,37.5643884715851,127.00195688803
이지마루오장,14.49,202201,28,"1,000",70,8,37.5643884715851,127.00195688803
이지마루오장,14.49,202201,28,"1,000",70,8,37.5643884715851,127.00195688803
이지마루오장,24.66,202203,11,"2,000",115,15,37.5643884715851,127.00195688803
이지마루오장,23.94,202205,28,"29,000",7,15,37.5643884715851,127.00195688803
삼성파크빌(39-1),84.92,202203,26,"50,000",40,9,37.5672724536856,127.002765714935
신성아파트,42.31,202202,18,"1,000",60,7,37.563546252348,126.995814962096
신성아파트,49.22,202203,12,"8,520",15,9,37.563546252348,126.995814962096
신성아파트,49.22,202203,25,"2,000",60,9,37.563546252348,126.995814962096
신성아파트,40.83,202203,29,"1,100",65,9,37.563546252348,126.995814962096
신성아파트,42.31,202203,29,"1,000",62,7,37.563546252348,126.995814962096
신성아파트,48.56,202204,4,"3,000",42,10,37.563546252348,126.995814962096
신성아파트,82.61,202205,6,"3,000",100,6,37.563546252348,126.995814962096
신성아파트,82.61,202205,6,"3,000",100,6,37.563546252348,126.995814962096
신성아파트,52.1,202207,6,"2,000",60,6,37.563546252348,126.995814962096
신성아파트,48.56,202207,14,500,55,10,37.563546252348,126.995814962096
신성아파트,49.88,202207,31,100,65,8,37.563546252348,126.995814962096
신성아파트,49.88,202207,31,"1,000",65,8,37.563546252348,126.995814962096
신성아파트,50.58,202209,26,"15,000",20,7,37.563546252348,126.995814962096
신성아파트,50.58,202209,26,"15,000",20,7,37.563546252348,126.995814962096
신성아파트,40.83,202210,17,"13,700",0,9,37.563546252348,126.995814962096
신성아파트,40.83,202211,3,"10,000",50,9,37.563546252348,126.995814962096
장충,62.48,202205,5,"3,000",50,6,37.5592564889831,127.001675390514
장충,62.48,202205,5,"3,000",50,6,37.5592564889831,127.001675390514
장충,62.48,202205,5,"3,000",50,6,37.5592564889831,127.001675390514
장충,31.24,202206,17,"1,000",69,4,37.5592564889831,127.001675390514
장충,31.24,202207,8,"3,000",45,6,37.5592564889831,127.001675390514
파크원빌,13.51,202201,22,"1,000",60,7,37.560367072421,127.004543530031
파크원빌,13.12,202201,26,"1,000",60,3,37.560367072421,127.004543530031
파크원빌,20.01,202202,4,"1,000",70,4,37.560367072421,127.004543530031
파크원빌,13.51,202202,5,"1,000",60,6,37.560367072421,127.004543530031
파크원빌,18.71,202202,5,"1,000",65,2,37.560367072421,127.004543530031
파크원빌,13.12,202202,7,"1,000",60,8,37.560367072421,127.004543530031
파크원빌,13.51,202202,10,"1,000",60,5,37.560367072421,127.004543530031
파크원빌,13.51,202202,14,"1,000",60,4,37.560367072421,127.004543530031
파크원빌,13.51,202202,17,"1,000",60,4,37.560367072421,127.004543530031
파크원빌,13.12,202202,19,"1,000",60,5,37.560367072421,127.004543530031
파크원빌,13.51,202202,25,"1,000",60,5,37.560367072421,127.004543530031
파크원빌,20.01,202203,11,"1,000",70,3,37.560367072421,127.004543530031
파크원빌,13.51,202203,18,"1,000",60,3,37.560367072421,127.004543530031
파크원빌,14.22,202204,5,"1,000",60,8,37.560367072421,127.004543530031
파크원빌,13.51,202204,26,"1,000",58,9,37.560367072421,127.004543530031
파크원빌,13.51,202207,4,"1,000",60,9,37.560367072421,127.004543530031
파크원빌,20.01,202209,27,"1,000",70,4,37.560367072421,127.004543530031
파크원빌,14.22,202210,17,500,62,7,37.560367072421,127.004543530031
파크원빌,13.51,202210,26,"1,000",63,8,37.560367072421,127.004543530031
삼정아트테라스정동,13.8874,202201,11,"3,000",85,7,37.5632510909133,126.972031493823
삼정아트테라스정동,32.0134,202201,17,"30,000",45,2,37.5665870147753,126.973133171996
삼정아트테라스정동,13.8874,202201,21,"7,000",50,7,37.5632510909133,126.972031493823
삼정아트테라스정동,14.2664,202202,18,"10,000",43,8,37.5632510909133,126.972031493823
삼정아트테라스정동,32.0134,202202,28,"20,000",45,2,37.5632510909133,126.972031493823
삼정아트테라스정동,32.0134,202202,28,"20,000",45,2,37.5632510909133,126.972031493823
삼정아트테라스정동,17.7034,202203,11,"5,000",100,7,37.5632510909133,126.972031493823
삼정아트테라스정동,22.4734,202203,11,"5,000",130,5,37.5632510909133,126.972031493823
삼정아트테라스정동,22.4734,202203,11,"5,000",130,5,37.5632510909133,126.972031493823
삼정아트테라스정동,14.2664,202203,19,"5,000",60,9,37.5632510909133,126.972031493823
삼정아트테라스정동,32.0134,202203,19,"5,000",126,2,37.5632510909133,126.972031493823
삼정아트테라스정동,14.2664,202203,21,"5,000",50,8,37.5632510909133,126.972031493823
삼정아트테라스정동,18.6574,202203,24,"15,000",59,6,37.5632510909133,126.972031493823
삼정아트테라스정동,30.8396,202204,14,"5,000",250,8,37.5632510909133,126.972031493823
삼정아트테라스정동,17.7034,202204,15,"2,000",110,7,37.5632510909133,126.972031493823
삼정아트테라스정동,14.2664,202204,18,"9,000",55,7,37.5632510909133,126.972031493823
삼정아트테라스정동,13.8874,202204,25,"7,000",50,7,37.5632510909133,126.972031493823
삼정아트테라스정동,17.7034,202205,6,"15,000",70,7,37.5632510909133,126.972031493823
삼정아트테라스정동,17.7034,202205,21,"3,000",110,6,37.5632510909133,126.972031493823
삼정아트테라스정동,17.7034,202206,13,"3,000",100,6,37.5632510909133,126.972031493823
삼정아트테라스정동,18.6574,202206,21,"8,000",90,6,37.5632510909133,126.972031493823
삼정아트테라스정동,18.0824,202207,15,"2,000",103,2,37.5632510909133,126.972031493823
삼정아트테라스정동,22.4734,202207,16,"3,000",130,5,37.5632510909133,126.972031493823
삼정아트테라스정동,21.9449,202207,30,"5,000",135,8,37.5632510909133,126.972031493823
삼정아트테라스정동,13.8874,202208,15,"2,000",95,7,37.5632510909133,126.972031493823
삼정아트테라스정동,17.7034,202208,22,"3,000",90,7,37.5632510909133,126.972031493823
삼정아트테라스정동,17.7034,202208,22,"3,000",90,7,37.5632510909133,126.972031493823
삼정아트테라스정동,22.0989,202209,26,"20,000",50,8,37.5632510909133,126.972031493823
삼정아트테라스정동,17.7034,202210,4,"3,000",110,6,37.5632510909133,126.972031493823
삼정아트테라스정동,14.2664,202210,10,"18,000",25,9,37.5632510909133,126.972031493823
삼정아트테라스정동,24.2849,202210,10,"10,000",110,8,37.5632510909133,126.972031493823
삼정아트테라스정동,22.0989,202210,28,"3,500",100,6,37.5632510909133,126.972031493823
삼정아트테라스정동,36.7834,202211,2,"1,000",180,2,37.5632510909133,126.972031493823
삼정아트테라스정동,32.0134,202211,9,"5,000",126,2,37.5632510909133,126.972031493823
삼정아트테라스정동,17.7034,202211,21,"3,000",105,6,37.5632510909133,126.972031493823
삼정아트테라스정동,18.0824,202211,29,"10,000",50,4,37.5632510909133,126.972031493823
정동,46.26,202203,9,"20,000",22,3,37.5672903727987,126.970294421879
정동,45.94,202208,27,"2,000",90,1,37.5672903727987,126.970294421879
정동,44.96,202211,9,"12,000",50,3,37.5672903727987,126.970294421879
더플레이스충정로,22.67,202201,5,"1,000",76,2,37.558980785321,126.966068233101
더플레이스충정로,17.68,202201,15,"1,000",68,5,37.558980785321,126.966068233101
더플레이스충정로,17.04,202201,18,"1,000",70,6,37.558980785321,126.966068233101
더플레이스충정로,15.12,202201,22,"1,000",64,2,37.558980785321,126.966068233101
더플레이스충정로,17.68,202202,9,"1,000",69,5,37.558980785321,126.966068233101
더플레이스충정로,19.95,202202,9,"1,000",70,4,37.558980785321,126.966068233101
더플레이스충정로,13.36,202202,12,"1,000",62,6,37.558980785321,126.966068233101
더플레이스충정로,15.12,202202,16,"1,000",64,3,37.558980785321,126.966068233101
더플레이스충정로,22.67,202202,21,"1,000",75,2,37.558980785321,126.966068233101
더플레이스충정로,14.32,202204,1,"1,000",61,7,37.558980785321,126.966068233101
더플레이스충정로,13.36,202204,2,"1,000",64,7,37.558980785321,126.966068233101
더플레이스충정로,17.04,202204,13,"1,000",70,6,37.558980785321,126.966068233101
더플레이스충정로,17.04,202204,22,"1,000",68,2,37.558980785321,126.966068233101
더플레이스충정로,17.04,202204,29,"1,000",70,4,37.558980785321,126.966068233101
더플레이스충정로,14.32,202205,9,"1,000",61,7,37.558980785321,126.966068233101
더플레이스충정로,36.34,202205,10,"28,000",4,4,37.558980785321,126.966068233101
더플레이스충정로,22.67,202205,13,"1,000",76,3,37.558980785321,126.966068233101
더플레이스충정로,19.95,202205,21,"1,000",71,3,37.558980785321,126.966068233101
더플레이스충정로,40.95,202206,3,"3,000",93,3,37.558980785321,126.966068233101
더플레이스충정로,17.04,202206,13,"1,000",70,4,37.558980785321,126.966068233101
더플레이스충정로,15.12,202206,21,"1,000",64,5,37.558980785321,126.966068233101
더플레이스충정로,17.68,202207,20,"1,000",69,5,37.558980785321,126.966068233101
더플레이스충정로,19.95,202208,18,"1,000",71,2,37.558980785321,126.966068233101
더플레이스충정로,17.04,202210,18,"1,000",70,5,37.558980785321,126.966068233101
더플레이스충정로,17.68,202210,31,"1,000",69,3,37.558980785321,126.966068233101
리하우스(LEEHAUS),43.056,202201,10,"10,000",67,5,37.5599142889134,126.966632465339
리하우스(LEEHAUS),43.056,202201,13,"10,000",67,3,37.5599142889134,126.966632465339
리하우스(LEEHAUS),43.056,202202,7,"10,000",67,3,37.5599142889134,126.966632465339
리하우스(LEEHAUS),43.056,202202,9,"13,000",50,1,37.5599142889134,126.966632465339
리하우스(LEEHAUS),43.056,202202,9,"10,000",72,6,37.5599142889134,126.966632465339
리하우스(LEEHAUS),33.997,202202,9,"10,000",56,5,37.5599142889134,126.966632465339
리하우스(LEEHAUS),30.357,202202,15,"10,000",56,10,37.5599142889134,126.966632465339
리하우스(LEEHAUS),43.056,202202,17,"10,000",67,8,37.5599142889134,126.966632465339
리하우스(LEEHAUS),33.997,202202,22,"10,000",56,3,37.5599142889134,126.966632465339
리하우스(LEEHAUS),43.056,202205,3,"13,000",50,5,37.5599142889134,126.966632465339
리하우스(LEEHAUS),43.056,202206,29,"10,000",67,8,37.5599142889134,126.966632465339
리하우스(LEEHAUS),43.056,202207,16,"12,000",56,1,37.5599142889134,126.966632465339
리하우스(LEEHAUS),43.056,202207,28,"10,000",72,6,37.5599142889134,126.966632465339
리하우스(LEEHAUS),43.056,202209,19,"10,000",67,2,37.5599142889134,126.966632465339
리하우스(LEEHAUS),40.236,202210,13,"10,000",67,9,37.5599142889134,126.966632465339
리하우스(LEEHAUS),43.056,202210,14,"10,000",67,1,37.5599142889134,126.966632465339
리하우스(LEEHAUS),30.357,202210,24,"10,000",56,10,37.5599142889134,126.966632465339
리하우스(LEEHAUS),30.357,202210,24,"10,000",56,10,37.5599142889134,126.966632465339
리하우스(LEEHAUS),49.283,202211,5,"10,000",84,1,37.5599142889134,126.966632465339
브라운스톤(355-0),84.878,202201,25,"5,000",280,22,37.5608187887289,126.968225883547
브라운스톤(355-0),117.742,202201,27,"10,000",400,30,37.5608187887289,126.968225883547
브라운스톤(355-0),117.742,202201,27,"20,000",350,30,37.5608187887289,126.968225883547
브라운스톤(355-0),84.878,202201,28,"23,490",135,24,37.5608187887289,126.968225883547
브라운스톤(355-0),84.878,202202,11,"3,000",320,32,37.5608187887289,126.968225883547
브라운스톤(355-0),117.742,202202,12,"65,000",90,33,37.5608187887289,126.968225883547
브라운스톤(355-0),117.742,202202,12,"65,000",90,33,37.5608187887289,126.968225883547
브라운스톤(355-0),117.742,202205,12,"10,000",350,26,37.5608187887289,126.968225883547
브라운스톤(355-0),117.742,202205,27,"10,000",350,14,37.5608187887289,126.968225883547
브라운스톤(355-0),84.878,202208,6,"5,000",280,22,37.5608187887289,126.968225883547
브라운스톤(355-0),84.878,202209,2,"5,000",350,34,37.5608187887289,126.968225883547
브라운스톤(355-0),84.878,202209,2,"5,000",350,34,37.5608187887289,126.968225883547
삼성사이버빌리지,59.7,202201,7,"28,000",72,17,37.5589266608979,126.964320892997
삼성사이버빌리지,84.95,202202,3,"20,000",120,11,37.5589266608979,126.964320892997
삼성사이버빌리지,84.93,202202,5,"35,000",125,14,37.5589266608979,126.964320892997
삼성사이버빌리지,84.93,202202,5,"40,000",68,8,37.5589266608979,126.964320892997
삼성사이버빌리지,84.93,202202,19,"52,500",20,2,37.5589266608979,126.964320892997
삼성사이버빌리지,59.7,202202,22,"45,000",50,1,37.5589266608979,126.964320892997
삼성사이버빌리지,59.7,202202,22,"45,000",50,1,37.5589266608979,126.964320892997
삼성사이버빌리지,84.93,202202,23,"56,000",6,8,37.5589266608979,126.964320892997
삼성사이버빌리지,114.77,202203,4,"40,000",160,17,37.5589266608979,126.964320892997
삼성사이버빌리지,59.7,202204,2,"5,000",160,2,37.5589266608979,126.964320892997
삼성사이버빌리지,84.93,202204,7,"40,000",130,14,37.5589266608979,126.964320892997
삼성사이버빌리지,59.93,202204,23,"5,000",180,3,37.5589266608979,126.964320892997
삼성사이버빌리지,114.77,202204,30,"10,000",270,3,37.5589266608979,126.964320892997
삼성사이버빌리지,76.83,202205,13,"41,000",5,1,37.5589266608979,126.964320892997
삼성사이버빌리지,76.83,202205,13,"41,000",5,1,37.5589266608979,126.964320892997
삼성사이버빌리지,84.95,202205,17,"48,000",100,13,37.5589266608979,126.964320892997
삼성사이버빌리지,59.7,202205,27,"5,000",155,10,37.5589266608979,126.964320892997
삼성사이버빌리지,59.93,202206,10,"49,000",30,14,37.5589266608979,126.964320892997
삼성사이버빌리지,84.95,202206,13,"53,000",30,15,37.5589266608979,126.964320892997
삼성사이버빌리지,84.93,202206,21,"5,000",172,10,37.5589266608979,126.964320892997
삼성사이버빌리지,84.95,202206,28,"5,000",179,12,37.5589266608979,126.964320892997
삼성사이버빌리지,84.95,202207,2,"20,000",120,11,37.5589266608979,126.964320892997
삼성사이버빌리지,59.93,202207,5,"5,000",165,8,37.5589266608979,126.964320892997
삼성사이버빌리지,59.7,202207,15,"5,000",155,10,37.5589266608979,126.964320892997
삼성사이버빌리지,84.95,202208,17,"30,000",119,10,37.5589266608979,126.964320892997
삼성사이버빌리지,59.7,202208,18,"20,000",80,9,37.5589266608979,126.964320892997
삼성사이버빌리지,59.7,202208,18,"20,000",87,9,37.5589266608979,126.964320892997
삼성사이버빌리지,59.7,202208,20,"50,000",40,5,37.5589266608979,126.964320892997
삼성사이버빌리지,84.93,202208,25,"38,000",40,12,37.5589266608979,126.964320892997
삼성사이버빌리지,59.7,202209,2,"5,000",137,8,37.5589266608979,126.964320892997
삼성사이버빌리지,59.7,202209,6,"28,000",100,17,37.5589266608979,126.964320892997
삼성사이버빌리지,84.93,202209,28,"7,000",185,10,37.5589266608979,126.964320892997
삼성사이버빌리지,114.77,202210,13,"52,000",70,9,37.5589266608979,126.964320892997
삼성사이버빌리지,84.93,202210,13,"6,000",158,5,37.5589266608979,126.964320892997
삼성사이버빌리지,59.93,202210,29,"48,000",35,13,37.5589266608979,126.964320892997
삼성사이버빌리지,114.77,202211,11,"20,000",120,11,37.5589266608979,126.964320892997
삼성사이버빌리지,114.77,202211,11,"20,000",120,11,37.5589266608979,126.964320892997
삼성사이버빌리지,114.77,202211,11,"20,000",210,11,37.5589266608979,126.964320892997
성요셉,68.0,202202,15,"12,000",25,6,37.5595897344199,126.967220804554
성요셉,26.45,202203,20,"1,500",43,5,37.5595897344199,126.967220804554
성요셉,26.45,202204,14,"1,000",85,4,37.5595897344199,126.967220804554
중림동삼성사이버빌리지(임대,31.59,202205,19,"2,614",11,9,37.5570525633417,126.964843753278
중림동삼성사이버빌리지(임대,31.59,202205,22,"1,601",19,13,37.5570525633417,126.964843753278
중림동삼성사이버빌리지(임대,31.59,202206,9,"4,802",3,3,37.5570525633417,126.964843753278
중림동삼성사이버빌리지(임대,31.59,202206,20,"1,456",17,1,37.5570525633417,126.964843753278
중림동삼성사이버빌리지(임대,31.59,202206,20,"1,456",17,14,37.5570525633417,126.964843753278
중림동삼성사이버빌리지(임대,31.59,202206,20,"1,456",17,16,37.5570525633417,126.964843753278
중림동삼성사이버빌리지(임대,31.59,202206,20,"1,456",17,4,37.5570525633417,126.964843753278
중림동삼성사이버빌리지(임대,31.59,202206,20,582,19,1,37.5570525633417,126.964843753278
중림동삼성사이버빌리지(임대,31.59,202206,20,582,19,14,37.5570525633417,126.964843753278
중림동삼성사이버빌리지(임대,31.59,202206,20,582,19,16,37.5570525633417,126.964843753278
중림동삼성사이버빌리지(임대,31.59,202206,20,582,19,4,37.5570525633417,126.964843753278
중림동삼성사이버빌리지(임대,31.59,202206,24,"1,456",17,11,37.5570525633417,126.964843753278
중림동삼성사이버빌리지(임대,31.59,202207,14,"1,456",17,6,37.5570525633417,126.964843753278
중림동삼성사이버빌리지(임대,31.59,202207,18,"3,290",7,2,37.5570525633417,126.964843753278
중림동삼성사이버빌리지(임대,31.59,202207,20,"1,456",17,7,37.5570525633417,126.964843753278
중림동삼성사이버빌리지(임대,31.59,202208,11,"3,290",7,1,37.5570525633417,126.964843753278
남산센트럴자이,82.413,202202,12,"50,000",110,12,37.562514395202,126.997824376224
남산센트럴자이,80.473,202202,14,"5,000",300,11,37.562514395202,126.997824376224
남산센트럴자이,114.84,202202,17,"5,000",400,11,37.562514395202,126.997824376224
남산센트럴자이,114.84,202202,18,"75,000",120,6,37.562514395202,126.997824376224
남산센트럴자이,80.473,202202,22,"58,000",30,19,37.562514395202,126.997824376224
남산센트럴자이,82.413,202204,9,"34,000",100,18,37.562514395202,126.997824376224
남산센트럴자이,160.505,202205,18,0,600,27,37.562514395202,126.997824376224
남산센트럴자이,89.307,202207,9,"47,000",85,14,37.562514395202,126.997824376224
남산센트럴자이,137.166,202207,15,0,500,21,37.562514395202,126.997824376224
남산센트럴자이,135.533,202209,8,"10,000",400,10,37.562514395202,126.997824376224
남산센트럴자이,135.533,202209,8,"10,000",400,10,37.562514395202,126.997824376224
남산센트럴자이,139.936,202209,23,"90,000",160,27,37.562514395202,126.997824376224
남산센트럴자이,82.413,202210,11,"30,000",200,7,37.562514395202,126.997824376224
진양상가,71.93,202201,10,"5,000",100,16,37.5624227137843,126.995931151636
진양상가,71.93,202201,12,"2,000",100,5,37.5624227137843,126.995931151636
진양상가,71.93,202201,15,"3,000",93,10,37.5624227137843,126.995931151636
진양상가,71.93,202201,17,500,45,9,37.5624227137843,126.995931151636
진양상가,71.93,202203,1,"2,000",100,11,37.5624227137843,126.995931151636
진양상가,95.8,202206,13,500,28,16,37.5624227137843,126.995931151636
진양상가,71.93,202207,12,"15,000",50,5,37.5624227137843,126.995931151636
진양상가,71.93,202210,10,"3,000",120,11,37.5624227137843,126.995931151636
이지마루충무로,27.8,202205,9,"2,000",110,12,37.5633038671403,126.999458069058
이지마루충무로,28.43,202206,25,"15,000",55,10,37.5633038671403,126.999458069058
이지마루충무로,28.43,202206,25,"15,000",55,10,37.5633038671403,126.999458069058
충무로엘크루메크로시티2,22.75,202202,5,"3,000",65,6,37.5633945987251,126.999994227546
충무로엘크루메크로시티2,22.75,202202,12,"1,000",73,7,37.5633945987251,126.999994227546
충무로엘크루메크로시티2,35.55,202203,10,"2,000",120,14,37.5633945987251,126.999994227546
충무로엘크루메크로시티2,22.75,202204,9,"1,000",75,6,37.5633945987251,126.999994227546
충무로엘크루메크로시티2,22.75,202204,23,"3,000",70,16,37.5633945987251,126.999994227546
충무로엘크루메크로시티2,22.75,202205,14,"1,000",78,10,37.5633945987251,126.999994227546
충무로엘크루메크로시티2,22.75,202205,16,"5,000",55,13,37.5633945987251,126.999994227546
충무로엘크루메크로시티2,22.75,202205,23,"3,000",65,13,37.5633945987251,126.999994227546
충무로엘크루메크로시티2,22.75,202206,2,"1,000",75,15,37.5633945987251,126.999994227546
충무로엘크루메크로시티2,22.75,202206,2,"1,000",75,15,37.5633945987251,126.999994227546
충무로엘크루메크로시티2,22.75,202207,2,"1,000",80,11,37.5633945987251,126.999994227546
충무로엘크루메크로시티2,22.75,202207,2,"1,000",70,2,37.5633945987251,126.999994227546
충무로엘크루메크로시티2,22.75,202207,6,"1,000",75,11,37.5633945987251,126.999994227546
충무로엘크루메크로시티2,22.75,202207,25,"3,000",65,13,37.5633945987251,126.999994227546
충무로엘크루메크로시티2,35.57,202208,5,"2,000",120,6,37.5633945987251,126.999994227546
충무로엘크루메크로시티2,35.55,202208,10,"2,000",125,19,37.5633945987251,126.999994227546
충무로엘크루메크로시티2,22.75,202208,27,"1,000",78,13,37.5633945987251,126.999994227546
충무로엘크루메크로시티2,22.75,202209,27,"1,000",75,4,37.5633945987251,126.999994227546
충무로엘크루메크로시티2,22.75,202211,12,"1,000",73,2,37.5633945987251,126.999994227546
충무로헤센스마트,21.04,202201,12,"1,000",80,3,37.5613425706769,126.998598124335
충무로헤센스마트,21.04,202201,12,"1,000",80,3,37.5613425706769,126.998598124335
충무로헤센스마트,19.76,202201,17,"1,000",79,4,37.5613425706769,126.998598124335
충무로헤센스마트,19.76,202201,17,"1,000",80,4,37.5613425706769,126.998598124335
충무로헤센스마트,21.04,202201,20,"1,000",90,6,37.5613425706769,126.998598124335
충무로헤센스마트,40.65,202203,14,"2,000",120,4,37.5613425706769,126.998598124335
충무로헤센스마트,21.04,202204,1,"23,000",5,2,37.5613425706769,126.998598124335
충무로헤센스마트,21.04,202204,16,"5,000",78,6,37.5613425706769,126.998598124335
충무로헤센스마트,21.04,202204,16,"10,000",53,5,37.5613425706769,126.998598124335
충무로헤센스마트,19.76,202204,16,"1,000",80,5,37.5613425706769,126.998598124335
충무로헤센스마트,19.76,202204,16,"1,000",80,5,37.5613425706769,126.998598124335
충무로헤센스마트,19.76,202204,16,"1,000",80,3,37.5613425706769,126.998598124335
충무로헤센스마트,19.76,202204,30,"5,000",65,3,37.5613425706769,126.998598124335
충무로헤센스마트,19.76,202205,27,"12,000",38,6,37.5613425706769,126.998598124335
충무로헤센스마트,21.04,202206,11,"1,000",88,7,37.5613425706769,126.998598124335
충무로헤센스마트,21.04,202206,15,"10,000",45,3,37.5613425706769,126.998598124335
충무로헤센스마트,19.76,202207,8,"1,000",78,6,37.5613425706769,126.998598124335
충무로헤센스마트,19.76,202207,8,"19,000",15,2,37.5613425706769,126.998598124335
충무로헤센스마트,40.65,202211,14,"2,000",125,4,37.5613425706769,126.998598124335
미주,117.73,202202,21,"13,000",127,5,37.5562053858778,126.995997244096
(1546-0),29.35,202203,2,"1,000",95,7,37.5691148519668,127.021579876717
(73-1),18.35,202201,17,"1,000",50,9,37.5698015301627,127.019329304009
(73-1),19.15,202201,20,"1,000",55,6,37.5698015301627,127.019329304009
(73-1),18.35,202201,20,"1,000",50,9,37.5698015301627,127.019329304009
(73-1),19.5,202202,12,500,50,7,37.5698015301627,127.019329304009
(73-1),18.82,202203,4,"1,000",55,4,37.5698015301627,127.019329304009
(73-1),19.5,202203,12,"1,000",48,6,37.5698015301627,127.019329304009
(73-1),18.97,202204,26,"3,000",38,8,37.5698015301627,127.019329304009
(73-1),16.69,202206,20,"1,000",45,5,37.5698015301627,127.019329304009
(73-1),18.35,202207,11,"1,000",50,9,37.5698015301627,127.019329304009
DUO302,15.97,202202,5,"1,000",65,10,37.5665748058672,127.023261376536
DUO302,15.97,202202,5,"1,000",65,10,37.5665748058672,127.023261376536
DUO302,15.97,202205,10,"1,000",65,7,37.5665748058672,127.023261376536
DUO302,15.97,202205,27,"5,000",50,6,37.5665748058672,127.023261376536
DUO302,15.97,202205,27,"5,000",50,6,37.5665748058672,127.023261376536
DUO302,15.97,202206,22,"1,000",65,9,37.5665748058672,127.023261376536
DUO302,15.97,202206,27,"4,000",50,14,37.5665748058672,127.023261376536
그랜드힐오피스텔,24.15,202203,7,"1,000",70,11,37.5702296205124,127.018597604305
롯데캐슬,114.9,202201,8,"30,000",129,28,37.5708105464699,127.021463886656
롯데캐슬,84.92,202201,10,"5,000",200,27,37.5708105464699,127.021463886656
롯데캐슬,84.9,202201,14,"5,000",178,10,37.5708105464699,127.021463886656
롯데캐슬,84.97,202201,18,"3,000",180,18,37.5708105464699,127.021463886656
롯데캐슬,84.89,202201,18,"40,000",130,17,37.5708105464699,127.021463886656
롯데캐슬,59.91,202201,19,"20,000",75,26,37.5708105464699,127.021463886656
롯데캐슬,59.94,202201,26,"3,000",154,31,37.5708105464699,127.021463886656
롯데캐슬,59.91,202202,3,"5,000",140,18,37.5708105464699,127.021463886656
롯데캐슬,59.94,202202,11,"10,000",140,15,37.5708105464699,127.021463886656
롯데캐슬,59.91,202202,12,"5,000",160,26,37.5708105464699,127.021463886656
롯데캐슬,84.89,202202,14,"6,000",168,30,37.5708105464699,127.021463886656
롯데캐슬,84.89,202202,19,"30,000",150,21,37.5708105464699,127.021463886656
롯데캐슬,59.91,202202,19,"3,000",152,8,37.5708105464699,127.021463886656
롯데캐슬,84.89,202202,19,"30,000",150,21,37.5708105464699,127.021463886656
롯데캐슬,59.94,202202,23,"42,000",20,33,37.5708105464699,127.021463886656
롯데캐슬,59.94,202202,25,"20,000",130,25,37.5708105464699,127.021463886656
롯데캐슬,59.91,202202,26,"40,000",60,29,37.5708105464699,127.021463886656
롯데캐슬,84.89,202203,5,"8,000",147,20,37.5708105464699,127.021463886656
롯데캐슬,59.91,202203,8,"5,000",160,14,37.5708105464699,127.021463886656
롯데캐슬,84.97,202203,12,"5,000",170,22,37.5708105464699,127.021463886656
롯데캐슬,59.94,202203,14,"3,000",158,10,37.5708105464699,127.021463886656
롯데캐슬,84.9,202203,17,"20,000",130,29,37.5708105464699,127.021463886656
롯데캐슬,59.94,202203,18,"10,000",150,10,37.5708105464699,127.021463886656
롯데캐슬,84.89,202203,19,"10,000",200,27,37.5708105464699,127.021463886656
롯데캐슬,59.94,202203,21,"7,000",130,25,37.5708105464699,127.021463886656
롯데캐슬,84.97,202203,21,"30,000",82,12,37.5708105464699,127.021463886656
롯데캐슬,59.91,202203,25,"5,000",160,27,37.5708105464699,127.021463886656
롯데캐슬,84.92,202203,25,"5,000",179,31,37.5708105464699,127.021463886656
롯데캐슬,84.89,202203,26,"12,000",160,10,37.5708105464699,127.021463886656
롯데캐슬,59.94,202203,28,"5,000",160,32,37.5708105464699,127.021463886656
롯데캐슬,59.91,202203,30,"5,000",150,8,37.5708105464699,127.021463886656
롯데캐슬,84.89,202204,2,"5,000",179,22,37.5708105464699,127.021463886656
롯데캐슬,84.92,202204,6,"40,000",120,16,37.5708105464699,127.021463886656
롯데캐슬,59.94,202204,9,"5,000",150,26,37.5708105464699,127.021463886656
롯데캐슬,114.9,202204,13,"60,000",29,25,37.5708105464699,127.021463886656
롯데캐슬,84.92,202204,13,"40,000",105,29,37.5708105464699,127.021463886656
롯데캐슬,84.92,202204,18,"30,000",150,8,37.5708105464699,127.021463886656
롯데캐슬,114.9,202204,25,"35,000",97,26,37.5708105464699,127.021463886656
롯데캐슬,59.94,202205,6,"20,000",80,15,37.5708105464699,127.021463886656
롯데캐슬,59.94,202205,7,"10,000",160,33,37.5708105464699,127.021463886656
롯데캐슬,84.92,202205,10,"27,000",80,8,37.5708105464699,127.021463886656
롯데캐슬,33.62,202205,10,"5,083",8,25,37.5708105464699,127.021463886656
롯데캐슬,33.62,202205,10,"4,800",10,20,37.5708105464699,127.021463886656
롯데캐슬,33.62,202205,10,"2,184",24,18,37.5708105464699,127.021463886656
롯데캐슬,33.62,202205,12,"6,675",14,33,37.5708105464699,127.021463886656
롯데캐슬,33.62,202205,12,"5,865",7,21,37.5708105464699,127.021463886656
롯데캐슬,84.9,202205,13,"30,000",150,21,37.5708105464699,127.021463886656
롯데캐슬,84.9,202205,13,"30,000",150,21,37.5708105464699,127.021463886656
롯데캐슬,84.97,202205,13,"5,000",179,19,37.5708105464699,127.021463886656
롯데캐슬,59.94,202205,14,"5,000",137,18,37.5708105464699,127.021463886656
롯데캐슬,59.91,202205,17,"20,000",125,24,37.5708105464699,127.021463886656
롯데캐슬,59.91,202205,17,"10,000",112,30,37.5708105464699,127.021463886656
롯데캐슬,59.91,202205,21,"32,000",46,26,37.5708105464699,127.021463886656
롯데캐슬,84.9,202205,21,"5,000",173,21,37.5708105464699,127.021463886656
롯데캐슬,59.94,202205,24,"10,000",106,22,37.5708105464699,127.021463886656
롯데캐슬,84.92,202205,30,"5,000",215,32,37.5708105464699,127.021463886656
롯데캐슬,84.9,202205,30,"42,000",32,24,37.5708105464699,127.021463886656
롯데캐슬,84.89,202205,31,"30,000",150,22,37.5708105464699,127.021463886656
롯데캐슬,84.89,202206,2,"5,000",179,13,37.5708105464699,127.021463886656
롯데캐슬,84.92,202206,3,"30,000",150,16,37.5708105464699,127.021463886656
롯데캐슬,59.91,202206,8,"5,000",150,18,37.5708105464699,127.021463886656
롯데캐슬,59.91,202206,17,"5,000",160,23,37.5708105464699,127.021463886656
롯데캐슬,84.92,202206,20,"5,000",179,23,37.5708105464699,127.021463886656
롯데캐슬,33.62,202206,20,"4,800",10,15,37.5708105464699,127.021463886656
롯데캐슬,33.62,202206,20,"2,184",24,33,37.5708105464699,127.021463886656
롯데캐슬,33.62,202206,21,"2,184",24,30,37.5708105464699,127.021463886656
롯데캐슬,33.62,202206,21,"4,800",10,30,37.5708105464699,127.021463886656
롯데캐슬,114.9,202206,21,"30,100",129,28,37.5708105464699,127.021463886656
롯데캐슬,59.94,202206,22,"3,000",147,19,37.5708105464699,127.021463886656
롯데캐슬,84.97,202206,24,"45,000",100,17,37.5708105464699,127.021463886656
롯데캐슬,84.97,202206,27,"20,000",119,32,37.5708105464699,127.021463886656
롯데캐슬,59.91,202207,1,"30,000",90,27,37.5708105464699,127.021463886656
롯데캐슬,59.91,202207,1,"30,000",90,27,37.5708105464699,127.021463886656
롯데캐슬,33.62,202207,7,"4,800",10,11,37.5708105464699,127.021463886656
롯데캐슬,59.94,202207,7,"50,000",20,22,37.5708105464699,127.021463886656
롯데캐슬,84.97,202207,8,"35,600",60,29,37.5708105464699,127.021463886656
롯데캐슬,84.97,202207,8,"5,000",182,30,37.5708105464699,127.021463886656
롯데캐슬,33.62,202207,10,"2,184",24,20,37.5708105464699,127.021463886656
롯데캐슬,33.62,202207,11,"4,800",10,9,37.5708105464699,127.021463886656
롯데캐슬,59.91,202207,14,"50,000",8,25,37.5708105464699,127.021463886656
롯데캐슬,33.62,202207,14,"2,184",24,29,37.5708105464699,127.021463886656
롯데캐슬,59.94,202207,15,"25,000",80,22,37.5708105464699,127.021463886656
롯데캐슬,33.62,202207,18,"2,184",24,21,37.5708105464699,127.021463886656
롯데캐슬,33.62,202207,20,"2,184",24,16,37.5708105464699,127.021463886656
롯데캐슬,84.97,202207,20,"9,600",165,11,37.5708105464699,127.021463886656
롯데캐슬,33.62,202207,20,"7,416",10,24,37.5708105464699,127.021463886656
롯데캐슬,84.97,202207,21,"31,500",70,14,37.5708105464699,127.021463886656
롯데캐슬,84.92,202207,22,"5,000",210,11,37.5708105464699,127.021463886656
롯데캐슬,84.97,202207,25,"20,000",83,10,37.5708105464699,127.021463886656
롯데캐슬,114.9,202207,26,"73,500",24,13,37.5708105464699,127.021463886656
롯데캐슬,84.92,202207,27,"14,000",195,24,37.5708105464699,127.021463886656
롯데캐슬,59.91,202207,29,"30,000",90,25,37.5708105464699,127.021463886656
롯데캐슬,84.97,202207,29,"5,000",160,10,37.5708105464699,127.021463886656
롯데캐슬,59.91,202207,29,"30,000",90,25,37.5708105464699,127.021463886656
롯데캐슬,59.91,202207,30,"15,000",150,21,37.5708105464699,127.021463886656
롯데캐슬,59.94,202208,1,"10,000",150,8,37.5708105464699,127.021463886656
롯데캐슬,84.92,202208,3,"55,000",10,18,37.5708105464699,127.021463886656
롯데캐슬,33.62,202208,4,"3,850",16,8,37.5708105464699,127.021463886656
롯데캐슬,114.9,202208,4,"5,000",250,12,37.5708105464699,127.021463886656
롯데캐슬,84.92,202208,5,"5,000",184,31,37.5708105464699,127.021463886656
롯데캐슬,84.89,202208,12,"10,000",220,27,37.5708105464699,127.021463886656
롯데캐슬,59.94,202208,12,"5,000",160,14,37.5708105464699,127.021463886656
롯데캐슬,84.92,202208,16,"5,000",180,16,37.5708105464699,127.021463886656
롯데캐슬,59.94,202208,18,"30,000",25,30,37.5708105464699,127.021463886656
롯데캐슬,59.94,202208,25,"10,000",150,22,37.5708105464699,127.021463886656
롯데캐슬,84.9,202208,25,"15,000",182,28,37.5708105464699,127.021463886656
롯데캐슬,84.97,202208,29,"30,000",105,19,37.5708105464699,127.021463886656
롯데캐슬,84.92,202209,3,"30,000",110,13,37.5708105464699,127.021463886656
롯데캐슬,84.92,202209,5,"5,000",230,11,37.5708105464699,127.021463886656
롯데캐슬,33.62,202209,6,"2,184",24,12,37.5708105464699,127.021463886656
롯데캐슬,59.91,202209,8,"31,000",90,26,37.5708105464699,127.021463886656
롯데캐슬,33.62,202209,13,"2,184",24,11,37.5708105464699,127.021463886656
롯데캐슬,59.94,202209,14,"10,000",160,26,37.5708105464699,127.021463886656
롯데캐슬,59.94,202209,14,"10,000",160,26,37.5708105464699,127.021463886656
롯데캐슬,59.91,202209,15,"20,000",140,30,37.5708105464699,127.021463886656
롯데캐슬,84.89,202209,20,"30,000",115,10,37.5708105464699,127.021463886656
롯데캐슬,59.94,202209,20,"45,000",8,25,37.5708105464699,127.021463886656
롯데캐슬,59.91,202209,20,"50,000",9,21,37.5708105464699,127.021463886656
롯데캐슬,59.94,202209,23,"43,500",40,15,37.5708105464699,127.021463886656
롯데캐슬,59.94,202209,24,"4,000",158,13,37.5708105464699,127.021463886656
롯데캐슬,59.91,202209,26,"30,000",40,17,37.5708105464699,127.021463886656
롯데캐슬,84.97,202209,27,"20,000",160,14,37.5708105464699,127.021463886656
롯데캐슬,59.91,202209,28,"5,000",148,31,37.5708105464699,127.021463886656
롯데캐슬,59.94,202209,30,"20,000",120,8,37.5708105464699,127.021463886656
롯데캐슬,59.91,202210,1,"10,000",145,18,37.5708105464699,127.021463886656
롯데캐슬,84.92,202210,8,"20,000",150,14,37.5708105464699,127.021463886656
롯데캐슬,84.92,202210,8,"20,000",150,14,37.5708105464699,127.021463886656
롯데캐슬,33.62,202210,9,"2,184",24,13,37.5708105464699,127.021463886656
롯데캐슬,33.62,202210,12,"2,184",24,29,37.5708105464699,127.021463886656
롯데캐슬,33.62,202210,14,"4,800",10,31,37.5708105464699,127.021463886656
롯데캐슬,114.9,202210,14,"68,000",50,26,37.5708105464699,127.021463886656
롯데캐슬,33.62,202210,18,"2,184",24,30,37.5708105464699,127.021463886656
롯데캐슬,84.92,202210,20,"10,000",154,29,37.5708105464699,127.021463886656
롯데캐슬,84.97,202210,22,"30,000",110,24,37.5708105464699,127.021463886656
롯데캐슬,33.62,202210,24,"4,800",10,19,37.5708105464699,127.021463886656
롯데캐슬,59.94,202211,2,"20,000",100,33,37.5708105464699,127.021463886656
롯데캐슬,59.94,202211,2,"20,000",100,33,37.5708105464699,127.021463886656
롯데캐슬,59.91,202211,8,"12,000",150,14,37.5708105464699,127.021463886656
롯데캐슬,84.9,202211,11,"30,000",150,10,37.5708105464699,127.021463886656
롯데캐슬,84.97,202211,12,"50,000",30,31,37.5708105464699,127.021463886656
롯데캐슬,114.9,202211,14,"10,000",270,33,37.5708105464699,127.021463886656
롯데캐슬,59.94,202211,14,"10,000",150,16,37.5708105464699,127.021463886656
롯데캐슬,33.62,202211,16,"5,113",9,32,37.5708105464699,127.021463886656
롯데캐슬,33.62,202211,17,"2,184",24,31,37.5708105464699,127.021463886656
롯데캐슬,84.9,202211,18,"7,000",165,9,37.5708105464699,127.021463886656
창성그린빌,63.74,202203,21,"10,000",80,5,37.5701286820786,127.021415016888
창성그린빌,63.74,202211,28,"23,100",14,2,37.5701286820786,127.021415016888
청계랜드힐아파트,50.06,202202,25,"2,000",125,7,37.5698992346542,127.021215048436
청계리버팰리스A,26.14,202203,26,"2,000",100,8,37.5697467824607,127.020729059104
청계리버팰리스A,26.14,202209,26,"2,000",100,8,37.5697467824607,127.020729059104
청계리버팰리스A,27.84,202210,14,40,130,11,37.5697467824607,127.020729059104
청계리버팰리스A,26.35,202210,21,"25,500",5,10,37.5697467824607,127.020729059104
청계리버팰리스B,26.94,202206,20,"2,000",90,7,37.5698887859066,127.020691630846
청계리버팰리스B,25.5,202211,2,"1,000",110,12,37.5698887859066,127.020691630846
청계우성아트윈,16.1,202207,23,"3,000",35,6,37.5698500288788,127.022255863844
청계우성아트윈,16.1,202210,29,"1,000",50,8,37.5698500288788,127.022255863844
한양I-Class,16.37,202202,25,"1,000",60,15,37.5671044946189,127.023295498547
한양I-Class,16.37,202203,29,"13,000",7,14,37.5671044946189,127.023295498547
한양I-Class,16.37,202204,14,"1,000",60,17,37.5671044946189,127.023295498547
한양I-Class,16.37,202204,15,"1,000",60,17,37.5671044946189,127.023295498547
한양I-Class,16.37,202204,22,"1,000",60,13,37.5671044946189,127.023295498547
한양I-Class,16.37,202204,30,"1,000",60,17,37.5671044946189,127.023295498547
한양I-Class,16.37,202205,11,"1,000",60,16,37.5671044946189,127.023295498547
한양I-Class,16.37,202205,14,"1,000",60,17,37.5671044946189,127.023295498547
한양I-Class,16.37,202206,18,"1,000",60,16,37.5671044946189,127.023295498547
한양I-Class,16.37,202206,20,"1,000",60,15,37.5671044946189,127.023295498547
한양I-Class,16.37,202206,22,"5,000",45,16,37.5671044946189,127.023295498547
한양I-Class,16.37,202206,30,"1,000",60,16,37.5671044946189,127.023295498547
한양I-Class,16.37,202209,28,"1,000",60,16,37.5671044946189,127.023295498547
황학동코아루,84.94,202202,21,"5,000",170,13,37.5667434438878,127.022477811529
황학동코아루,84.95,202206,3,"10,000",200,13,37.5667434438878,127.022477811529
황학동코아루,84.94,202206,4,"30,000",90,18,37.5667434438878,127.022477811529
황학동코아루,192.13,202208,11,"10,000",300,19,37.5667434438878,127.022477811529
황학동코아루,84.94,202208,26,"63,000",11,4,37.5667434438878,127.022477811529
황학아크로타워,134.301,202202,14,"3,000",305,11,37.5660419798503,127.021721835241
황학아크로타워,134.301,202202,14,"3,000",305,11,37.5660419798503,127.021721835241
황학아크로타워,134.301,202202,20,"10,000",288,11,37.5660419798503,127.021721835241
황학아크로타워,134.301,202202,23,"10,000",350,18,37.5660419798503,127.021721835241
황학아크로타워,84.962,202204,1,"10,000",240,17,37.5660419798503,127.021721835241
황학아크로타워,84.962,202204,1,"10,000",240,17,37.5660419798503,127.021721835241
황학아크로타워,111.224,202206,7,"35,000",165,15,37.5660419798503,127.021721835241
황학아크로타워,149.06,202211,26,"50,000",185,6,37.5660419798503,127.021721835241
남산SKLEADERSVIEW,122.7,202204,19,"5,000",450,10,37.5591253443035,126.980603849217
남산SKLEADERSVIEW,122.7,202205,6,"30,000",360,6,37.5591253443035,126.980603849217
남산SKLEADERSVIEW,137.53,202205,10,"1,500",500,13,37.5591253443035,126.980603849217
남산SKLEADERSVIEW,176.26,202205,24,"10,000",760,14,37.5591253443035,126.980603849217
남산SKLEADERSVIEW,137.53,202206,16,"89,250",95,8,37.5591253443035,126.980603849217
남산SKLEADERSVIEW,137.53,202207,28,"40,000",285,21,37.5591253443035,126.980603849217
남산SKLEADERSVIEW,145.79,202209,15,"90,000",150,16,37.5591253443035,126.980603849217
남산SKLEADERSVIEW,137.53,202209,28,"84,000",142,25,37.5591253443035,126.980603849217
남산롯데캐슬아이리스,113.46,202201,15,"20,000",330,12,37.5582247092319,126.981744459746
남산롯데캐슬아이리스,44.99,202201,16,"35,000",100,23,37.5582247092319,126.981744459746
남산롯데캐슬아이리스,113.46,202201,18,"20,000",213,11,37.5582247092319,126.981744459746
남산롯데캐슬아이리스,113.46,202201,29,"10,000",400,17,37.5582247092319,126.981744459746
남산롯데캐슬아이리스,44.99,202202,3,"10,000",200,29,37.5582247092319,126.981744459746
남산롯데캐슬아이리스,176.42,202202,9,"100,000",300,29,37.5582247092319,126.981744459746
남산롯데캐슬아이리스,176.42,202202,12,"20,000",530,26,37.5582247092319,126.981744459746
남산롯데캐슬아이리스,44.99,202202,25,"2,000",220,20,37.5582247092319,126.981744459746
남산롯데캐슬아이리스,44.99,202202,25,"2,000",220,20,37.5582247092319,126.981744459746
남산롯데캐슬아이리스,176.42,202202,28,"70,000",350,24,37.5582247092319,126.981744459746
남산롯데캐슬아이리스,44.99,202202,28,"3,000",220,13,37.5582247092319,126.981744459746
남산롯데캐슬아이리스,44.99,202203,1,"3,000",120,17,37.5582247092319,126.981744459746
남산롯데캐슬아이리스,44.99,202203,4,"3,000",220,21,37.5582247092319,126.981744459746
남산롯데캐슬아이리스,103.49,202203,9,"4,032",336,8,37.5582247092319,126.981744459746
남산롯데캐슬아이리스,187.08,202203,15,"125,000",80,13,37.5582247092319,126.981744459746
남산롯데캐슬아이리스,33.81,202204,16,"3,000",170,23,37.5582247092319,126.981744459746
남산롯데캐슬아이리스,103.49,202204,22,"1,000",430,23,37.5582247092319,126.981744459746
남산롯데캐슬아이리스,40.9,202205,5,"30,000",88,16,37.5582247092319,126.981744459746
남산롯데캐슬아이리스,113.46,202205,23,"2,000",480,24,37.5582247092319,126.981744459746
남산롯데캐슬아이리스,103.49,202205,27,"1,000",450,30,37.5582247092319,126.981744459746
남산롯데캐슬아이리스,133.98,202205,31,0,600,14,37.5582247092319,126.981744459746
남산롯데캐슬아이리스,113.46,202206,3,0,500,10,37.5582247092319,126.981744459746
남산롯데캐슬아이리스,113.46,202206,3,"5,000",480,29,37.5582247092319,126.981744459746
남산롯데캐슬아이리스,113.46,202206,23,"5,000",480,20,37.5582247092319,126.981744459746
남산롯데캐슬아이리스,133.98,202207,18,"31,500",294,8,37.5582247092319,126.981744459746
남산롯데캐슬아이리스,133.98,202207,18,"31,500",294,8,37.5582247092319,126.981744459746
남산롯데캐슬아이리스,133.98,202208,16,"10,000",540,29,37.5582247092319,126.981744459746
남산롯데캐슬아이리스,113.46,202208,18,"55,000",135,14,37.5582247092319,126.981744459746
별장,62.81,202202,23,"10,000",15,2,37.5557193176243,126.98182135006
별장,38.71,202209,19,"1,000",60,4,37.5557193176243,126.98182135006
삼풍,69.13,202207,14,"2,000",100,7,37.5562356950172,126.982522001434
삼풍,49.3,202207,27,"1,000",80,3,37.5562356950172,126.982522001434
삼풍,66.16,202209,29,"20,000",63,7,37.5562356950172,126.982522001434
삼풍,66.16,202209,29,"10,000",63,7,37.5562356950172,126.982522001434
쌍용남산플래티넘,158.97,202201,7,0,730,8,37.5594119017486,126.983219915695
쌍용남산플래티넘,139.8,202201,14,"50,000",230,21,37.5594119017486,126.983219915695
쌍용남산플래티넘,166.24,202203,8,"1,500",750,26,37.5594119017486,126.983219915695
쌍용남산플래티넘,166.24,202203,12,"2,000",700,14,37.5594119017486,126.983219915695
쌍용남산플래티넘,177.0,202203,16,"88,000",150,7,37.5594119017486,126.983219915695
쌍용남산플래티넘,139.8,202203,17,"5,000",600,5,37.5594119017486,126.983219915695
쌍용남산플래티넘,166.24,202204,11,"65,000",250,18,37.5594119017486,126.983219915695
쌍용남산플래티넘,139.8,202204,28,"10,500",389,28,37.5594119017486,126.983219915695
쌍용남산플래티넘,166.24,202205,6,"85,000",200,25,37.5594119017486,126.983219915695
쌍용남산플래티넘,166.24,202205,6,"85,000",200,25,37.5594119017486,126.983219915695
쌍용남산플래티넘,158.97,202205,13,0,600,22,37.5594119017486,126.983219915695
쌍용남산플래티넘,139.8,202206,26,"100,000",215,10,37.5594119017486,126.983219915695
쌍용남산플래티넘,139.8,202206,27,"100,000",250,13,37.5594119017486,126.983219915695
쌍용남산플래티넘,139.8,202207,15,0,530,19,37.5594119017486,126.983219915695
쌍용남산플래티넘,139.8,202207,15,0,484,19,37.5594119017486,126.983219915695
쌍용남산플래티넘,177.0,202209,26,"60,000",100,8,37.5594119017486,126.983219915695
쌍용남산플래티넘,166.24,202210,21,"100,000",250,29,37.5594119017486,126.983219915695
aaa,56.43,202202,8,"5,000",130,16,37.5674464828596,127.016527092399
aaa,75.45,202202,21,"5,000",160,12,37.5674464828596,127.016527092399
aaa,42.37,202203,26,"15,000",50,10,37.5674464828596,127.016527092399
aaa,42.37,202203,26,"15,000",50,10,37.5674464828596,127.016527092399
aaa,75.45,202207,4,"10,000",150,16,37.5674464828596,127.016527092399
aaa,84.87,202208,4,"10,000",160,20,37.5674464828596,127.016527092399
동대문솔하임,19.6,202201,11,"1,000",90,17,37.5677165362185,127.016348082451
동대문솔하임,17.67,202201,18,"1,000",85,20,37.5677165362185,127.016348082451
동대문솔하임,19.67,202202,15,"1,000",90,18,37.5677165362185,127.016348082451
동대문솔하임,19.67,202203,1,"1,000",85,16,37.5677165362185,127.016348082451
동대문솔하임,19.6,202204,1,"1,000",90,18,37.5677165362185,127.016348082451
동대문솔하임,17.67,202206,27,"10,000",48,19,37.5677165362185,127.016348082451
동대문솔하임,23.42,202207,5,"1,000",100,14,37.5677165362185,127.016348082451
동대문와이즈캐슬,15.55,202201,7,500,60,8,37.5657536581952,127.015443726545
동대문와이즈캐슬,15.55,202201,28,"1,000",62,9,37.5657536581952,127.015443726545
동대문와이즈캐슬,16.55,202202,3,"2,000",60,14,37.5657536581952,127.015443726545
동대문와이즈캐슬,15.55,202202,26,"1,000",60,9,37.5657536581952,127.015443726545
동대문와이즈캐슬,15.55,202203,8,"1,000",60,11,37.5657536581952,127.015443726545
동대문와이즈캐슬,15.55,202203,12,"1,000",65,9,37.5657536581952,127.015443726545
동대문와이즈캐슬,15.55,202204,8,"1,000",65,12,37.5657536581952,127.015443726545
동대문와이즈캐슬,15.55,202204,20,"3,000",52,10,37.5657536581952,127.015443726545
동대문와이즈캐슬,22.07,202204,26,"1,000",85,12,37.5657536581952,127.015443726545
동대문와이즈캐슬,15.55,202205,24,"1,000",63,12,37.5657536581952,127.015443726545
동대문와이즈캐슬,15.55,202206,18,"1,000",63,11,37.5657536581952,127.015443726545
동대문와이즈캐슬,15.55,202207,5,"1,000",60,14,37.5657536581952,127.015443726545
동대문와이즈캐슬,15.55,202207,6,"1,000",65,12,37.5657536581952,127.015443726545
동대문와이즈캐슬,15.55,202207,9,"1,000",64,11,37.5657536581952,127.015443726545
동대문와이즈캐슬,15.55,202207,17,"1,000",65,12,37.5657536581952,127.015443726545
동대문와이즈캐슬,15.55,202208,25,"1,000",65,11,37.5657536581952,127.015443726545
동대문와이즈캐슬,15.55,202208,29,"1,000",63,8,37.5657536581952,127.015443726545
동대문와이즈캐슬,15.55,202208,29,"3,000",47,8,37.5657536581952,127.015443726545
동대문와이즈캐슬,15.55,202209,19,"1,000",60,10,37.5657536581952,127.015443726545
동대문와이즈캐슬,15.55,202209,19,"1,000",60,10,37.5657536581952,127.015443726545
동대문와이즈캐슬,15.55,202209,23,"1,000",65,13,37.5657536581952,127.015443726545
동대문와이즈캐슬,15.55,202210,14,"1,000",65,8,37.5657536581952,127.015443726545
동대문와이즈캐슬,16.55,202211,3,500,63,8,37.5657536581952,127.015443726545
동대문와이즈캐슬,15.55,202211,14,"1,000",70,15,37.5657536581952,127.015443726545
리마크빌동대문,29.63,202201,18,"1,500",95,12,37.5657948536437,127.016623843671
리마크빌동대문,24.96,202201,24,"1,000",90,11,37.5657948536437,127.016623843671
리마크빌동대문,25.99,202202,7,"1,500",102,15,37.5657948536437,127.016623843671
리마크빌동대문,27.47,202203,3,"1,500",115,15,37.5657948536437,127.016623843671
리마크빌동대문,24.25,202204,8,"1,000",85,15,37.5657948536437,127.016623843671
리마크빌동대문,25.99,202205,6,"1,500",98,8,37.5657948536437,127.016623843671
리마크빌동대문,24.96,202205,16,"1,000",89,13,37.5657948536437,127.016623843671
리마크빌동대문,24.25,202209,6,"1,000",80,8,37.5657948536437,127.016623843671
위더스하임,23.82,202207,5,"25,500",25,10,37.5661540354294,127.01421117496
위더스하임,23.82,202209,15,"2,000",130,10,37.5661540354294,127.01421117496
청계천두산위브더제니스,147.3212,202201,6,"6,000",200,3,37.5668675982177,127.017122913186
청계천두산위브더제니스,145.6492,202201,28,"105,000",140,5,37.5668675982177,127.017122913186
청계천두산위브더제니스,145.6492,202202,3,"60,000",280,21,37.5668675982177,127.017122913186
청계천두산위브더제니스,146.9679,202203,11,"15,000",450,8,37.5668675982177,127.017122913186
청계천두산위브더제니스,92.1357,202203,24,"40,000",162,24,37.5668675982177,127.017122913186
청계천두산위브더제니스,146.9679,202203,31,"10,500",378,28,37.5668675982177,127.017122913186
청계천두산위브더제니스,46.735,202208,31,"10,000",250,14,37.5668675982177,127.017122913186
청계천두산위브더제니스,46.735,202209,6,"20,000",400,22,37.5668675982177,127.017122913186
청계천두산위브더제니스,46.735,202210,14,"5,000",260,11,37.5668675982177,127.017122913186
청계천두산위브더제니스,173.1707,202210,19,"70,000",350,27,37.5668675982177,127.017122913186
